// Generated by tools/generate-properties.py; do not edit.
// Unicode 17.0.0 with Emoji 17.0, Unicode License V3;
// see third_party/unicode/17.0.0.
/// The properties of strings, in the order their ids are assigned.
pub(super) static SEQUENCE_NAMES: &[&str] = &[
    "Basic_Emoji",
    "Emoji_Keycap_Sequence",
    "RGI_Emoji",
    "RGI_Emoji_Flag_Sequence",
    "RGI_Emoji_Modifier_Sequence",
    "RGI_Emoji_Tag_Sequence",
    "RGI_Emoji_ZWJ_Sequence",
];
/// Code points of the members that are not one code point: the single
/// code point members of `Basic_Emoji` are `Emoji_Presentation` without
/// the regional indicators, which needs no table of its own.
pub(super) const EMOJI_PRESENTATION: u32 = 61;
pub(super) const REGIONAL_INDICATOR: u32 = 81;
/// Code points in the longest member of any set.
pub(super) const LONGEST: usize = 10;
#[rustfmt::skip]
pub(super) static SEQUENCE_SETS: &[[u32; 10]] = &[
    [0x0, 0x1, 0x0, 0xcf, 0x1, 0x0, 0x0, 0x0, 0x0, 0x1],
    [0x1, 0x1, 0xcf, 0xc, 0x0, 0x0, 0x3ff0408, 0x0, 0x0, 0x0],
    [0x2, 0x8, 0xdb, 0xac8, 0x1, 0x0, 0x3ff0408, 0x0, 0x0, 0x1],
    [0xa, 0x1, 0xba3, 0x103, 0x0, 0x0, 0x0, 0x0, 0x0, 0x1],
    [0xb, 0x1, 0xca6, 0x299, 0x0, 0x0, 0x0, 0x0, 0x0, 0x1],
    [0xc, 0x1, 0xf3f, 0x3, 0x0, 0x0, 0x0, 0x0, 0x0, 0x1],
    [0xd, 0x7, 0xf42, 0x64e, 0x0, 0x0, 0x0, 0x0, 0x0, 0x1],
];
#[rustfmt::skip]
pub(super) static SEQUENCE_GROUPS: &[[u32; 3]] = &[
    [0x2, 0x0, 0xcf],
    [0x3, 0xcf, 0xc],
    [0xa, 0xdb, 0x5f],
    [0x8, 0x13a, 0x80],
    [0x7, 0x1ba, 0x10d],
    [0x6, 0x2c7, 0xc],
    [0x5, 0x2d3, 0x253],
    [0x4, 0x526, 0x1b8],
    [0x3, 0x6de, 0x5a],
    [0x2, 0x738, 0x46b],
    [0x2, 0xba3, 0x103],
    [0x2, 0xca6, 0x299],
    [0x7, 0xf3f, 0x3],
    [0xa, 0xf42, 0x5f],
    [0x8, 0xfa1, 0x80],
    [0x7, 0x1021, 0x10a],
    [0x6, 0x112b, 0xc],
    [0x5, 0x1137, 0x253],
    [0x4, 0x138a, 0x1b8],
    [0x3, 0x1542, 0x4e],
];
#[rustfmt::skip]
pub(super) static SEQUENCE_INDEX: &[u32] = &[
    0x200000, 0x200002, 0x200004, 0x200006, 0x200008, 0x20000a, 0x20000c, 0x20000e, 0x200010, 0x200012, 0x200014, 0x200016,
    0x200018, 0x20001a, 0x20001c, 0x20001e, 0x200020, 0x200022, 0x200024, 0x200026, 0x200028, 0x20002a, 0x20002c, 0x20002e,
    0x200030, 0x200032, 0x200034, 0x200036, 0x200038, 0x20003a, 0x20003c, 0x20003e, 0x200040, 0x200042, 0x200044, 0x200046,
    0x200048, 0x20004a, 0x20004c, 0x20004e, 0x200050, 0x200052, 0x200054, 0x200056, 0x200058, 0x20005a, 0x20005c, 0x20005e,
    0x200060, 0x200062, 0x200064, 0x200066, 0x200068, 0x20006a, 0x20006c, 0x20006e, 0x200070, 0x200072, 0x200074, 0x200076,
    0x200078, 0x20007a, 0x20007c, 0x20007e, 0x200080, 0x200082, 0x200084, 0x200086, 0x200088, 0x20008a, 0x20008c, 0x20008e,
    0x200090, 0x200092, 0x200094, 0x200096, 0x200098, 0x20009a, 0x20009c, 0x20009e, 0x2000a0, 0x2000a2, 0x2000a4, 0x2000a6,
    0x2000a8, 0x2000aa, 0x2000ac, 0x2000ae, 0x2000b0, 0x2000b2, 0x2000b4, 0x2000b6, 0x2000b8, 0x2000ba, 0x2000bc, 0x2000be,
    0x2000c0, 0x2000c2, 0x2000c4, 0x2000c6, 0x2000c8, 0x2000ca, 0x2000cc, 0x2000ce, 0x2000d0, 0x2000d2, 0x2000d4, 0x2000d6,
    0x2000d8, 0x2000da, 0x2000dc, 0x2000de, 0x2000e0, 0x2000e2, 0x2000e4, 0x2000e6, 0x2000e8, 0x2000ea, 0x2000ec, 0x2000ee,
    0x2000f0, 0x2000f2, 0x2000f4, 0x2000f6, 0x2000f8, 0x2000fa, 0x2000fc, 0x2000fe, 0x200100, 0x200102, 0x200104, 0x200106,
    0x200108, 0x20010a, 0x20010c, 0x20010e, 0x200110, 0x200112, 0x200114, 0x200116, 0x200118, 0x20011a, 0x20011c, 0x20011e,
    0x200120, 0x200122, 0x200124, 0x200126, 0x200128, 0x20012a, 0x20012c, 0x20012e, 0x200130, 0x200132, 0x200134, 0x200136,
    0x200138, 0x20013a, 0x20013c, 0x20013e, 0x200140, 0x200142, 0x200144, 0x200146, 0x200148, 0x20014a, 0x20014c, 0x20014e,
    0x200150, 0x200152, 0x200154, 0x200156, 0x200158, 0x20015a, 0x20015c, 0x20015e, 0x200160, 0x200162, 0x200164, 0x200166,
    0x200168, 0x20016a, 0x20016c, 0x20016e, 0x200170, 0x200172, 0x200174, 0x200176, 0x200178, 0x20017a, 0x20017c, 0x20017e,
    0x200180, 0x200182, 0x200184, 0x200186, 0x200188, 0x20018a, 0x20018c, 0x20018e, 0x200190, 0x200192, 0x200194, 0x200196,
    0x200198, 0x20019a, 0x20019c, 0x30019e, 0x3001a1, 0x3001a4, 0x3001a7, 0x3001aa, 0x3001ad, 0x3001b0, 0x3001b3, 0x3001b6,
    0x3001b9, 0x3001bc, 0x3001bf, 0xa001c2, 0xa001cc, 0xa001d6, 0xa001e0, 0xa001ea, 0xa001f4, 0xa001fe, 0xa00208, 0xa00212,
    0xa0021c, 0xa00226, 0xa00230, 0xa0023a, 0xa00244, 0xa0024e, 0xa00258, 0xa00262, 0xa0026c, 0xa00276, 0xa00280, 0xa0028a,
    0xa00294, 0xa0029e, 0xa002a8, 0xa002b2, 0xa002bc, 0xa002c6, 0xa002d0, 0xa002da, 0xa002e4, 0xa002ee, 0xa002f8, 0xa00302,
    0xa0030c, 0xa00316, 0xa00320, 0xa0032a, 0xa00334, 0xa0033e, 0xa00348, 0xa00352, 0xa0035c, 0xa00366, 0xa00370, 0xa0037a,
    0xa00384, 0xa0038e, 0xa00398, 0xa003a2, 0xa003ac, 0xa003b6, 0xa003c0, 0xa003ca, 0xa003d4, 0xa003de, 0xa003e8, 0xa003f2,
    0xa003fc, 0xa00406, 0xa00410, 0xa0041a, 0xa00424, 0xa0042e, 0xa00438, 0xa00442, 0xa0044c, 0xa00456, 0xa00460, 0xa0046a,
    0xa00474, 0xa0047e, 0xa00488, 0xa00492, 0xa0049c, 0xa004a6, 0xa004b0, 0xa004ba, 0xa004c4, 0xa004ce, 0xa004d8, 0xa004e2,
    0xa004ec, 0xa004f6, 0xa00500, 0xa0050a, 0xa00514, 0xa0051e, 0xa00528, 0xa00532, 0xa0053c, 0xa00546, 0xa00550, 0xa0055a,
    0xa00564, 0xa0056e, 0x800578, 0x800580, 0x800588, 0x800590, 0x800598, 0x8005a0, 0x8005a8, 0x8005b0, 0x8005b8, 0x8005c0,
    0x8005c8, 0x8005d0, 0x8005d8, 0x8005e0, 0x8005e8, 0x8005f0, 0x8005f8, 0x800600, 0x800608, 0x800610, 0x800618, 0x800620,
    0x800628, 0x800630, 0x800638, 0x800640, 0x800648, 0x800650, 0x800658, 0x800660, 0x800668, 0x800670, 0x800678, 0x800680,
    0x800688, 0x800690, 0x800698, 0x8006a0, 0x8006a8, 0x8006b0, 0x8006b8, 0x8006c0, 0x8006c8, 0x8006d0, 0x8006d8, 0x8006e0,
    0x8006e8, 0x8006f0, 0x8006f8, 0x800700, 0x800708, 0x800710, 0x800718, 0x800720, 0x800728, 0x800730, 0x800738, 0x800740,
    0x800748, 0x800750, 0x800758, 0x800760, 0x800768, 0x800770, 0x800778, 0x800780, 0x800788, 0x800790, 0x800798, 0x8007a0,
    0x8007a8, 0x8007b0, 0x8007b8, 0x8007c0, 0x8007c8, 0x8007d0, 0x8007d8, 0x8007e0, 0x8007e8, 0x8007f0, 0x8007f8, 0x800800,
    0x800808, 0x800810, 0x800818, 0x800820, 0x800828, 0x800830, 0x800838, 0x800840, 0x800848, 0x800850, 0x800858, 0x800860,
    0x800868, 0x800870, 0x800878, 0x800880, 0x800888, 0x800890, 0x800898, 0x8008a0, 0x8008a8, 0x8008b0, 0x8008b8, 0x8008c0,
    0x8008c8, 0x8008d0, 0x8008d8, 0x8008e0, 0x8008e8, 0x8008f0, 0x8008f8, 0x800900, 0x800908, 0x800910, 0x800918, 0x800920,
    0x800928, 0x800930, 0x800938, 0x800940, 0x800948, 0x800950, 0x800958, 0x800960, 0x800968, 0x800970, 0x700978, 0x70097f,
    0x700986, 0x70098d, 0x700994, 0x70099b, 0x7009a2, 0x7009a9, 0x7009b0, 0x7009b7, 0x7009be, 0x7009c5, 0x7009cc, 0x7009d3,
    0x7009da, 0x7009e1, 0x7009e8, 0x7009ef, 0x7009f6, 0x7009fd, 0x700a04, 0x700a0b, 0x700a12, 0x700a19, 0x700a20, 0x700a27,
    0x700a2e, 0x700a35, 0x700a3c, 0x700a43, 0x700a4a, 0x700a51, 0x700a58, 0x700a5f, 0x700a66, 0x700a6d, 0x700a74, 0x700a7b,
    0x700a82, 0x700a89, 0x700a90, 0x700a97, 0x700a9e, 0x700aa5, 0x700aac, 0x700ab3, 0x700aba, 0x700ac1, 0x700ac8, 0x700acf,
    0x700ad6, 0x700add, 0x700ae4, 0x700aeb, 0x700af2, 0x700af9, 0x700b00, 0x700b07, 0x700b0e, 0x700b15, 0x700b1c, 0x700b23,
    0x700b2a, 0x700b31, 0x700b38, 0x700b3f, 0x700b46, 0x700b4d, 0x700b54, 0x700b5b, 0x700b62, 0x700b69, 0x700b70, 0x700b77,
    0x700b7e, 0x700b85, 0x700b8c, 0x700b93, 0x700b9a, 0x700ba1, 0x700ba8, 0x700baf, 0x700bb6, 0x700bbd, 0x700bc4, 0x700bcb,
    0x700bd2, 0x700bd9, 0x700be0, 0x700be7, 0x700bee, 0x700bf5, 0x700bfc, 0x700c03, 0x700c0a, 0x700c11, 0x700c18, 0x700c1f,
    0x700c26, 0x700c2d, 0x700c34, 0x700c3b, 0x700c42, 0x700c49, 0x700c50, 0x700c57, 0x700c5e, 0x700c65, 0x700c6c, 0x700c73,
    0x700c7a, 0x700c81, 0x700c88, 0x700c8f, 0x700c96, 0x700c9d, 0x700ca4, 0x700cab, 0x700cb2, 0x700cb9, 0x700cc0, 0x700cc7,
    0x700cce, 0x700cd5, 0x700cdc, 0x700ce3, 0x700cea, 0x700cf1, 0x700cf8, 0x700cff, 0x700d06, 0x700d0d, 0x700d14, 0x700d1b,
    0x700d22, 0x700d29, 0x700d30, 0x700d37, 0x700d3e, 0x700d45, 0x700d4c, 0x700d53, 0x700d5a, 0x700d61, 0x700d68, 0x700d6f,
    0x700d76, 0x700d7d, 0x700d84, 0x700d8b, 0x700d92, 0x700d99, 0x700da0, 0x700da7, 0x700dae, 0x700db5, 0x700dbc, 0x700dc3,
    0x700dca, 0x700dd1, 0x700dd8, 0x700ddf, 0x700de6, 0x700ded, 0x700df4, 0x700dfb, 0x700e02, 0x700e09, 0x700e10, 0x700e17,
    0x700e1e, 0x700e25, 0x700e2c, 0x700e33, 0x700e3a, 0x700e41, 0x700e48, 0x700e4f, 0x700e56, 0x700e5d, 0x700e64, 0x700e6b,
    0x700e72, 0x700e79, 0x700e80, 0x700e87, 0x700e8e, 0x700e95, 0x700e9c, 0x700ea3, 0x700eaa, 0x700eb1, 0x700eb8, 0x700ebf,
    0x700ec6, 0x700ecd, 0x700ed4, 0x700edb, 0x700ee2, 0x700ee9, 0x700ef0, 0x700ef7, 0x700efe, 0x700f05, 0x700f0c, 0x700f13,
    0x700f1a, 0x700f21, 0x700f28, 0x700f2f, 0x700f36, 0x700f3d, 0x700f44, 0x700f4b, 0x700f52, 0x700f59, 0x700f60, 0x700f67,
    0x700f6e, 0x700f75, 0x700f7c, 0x700f83, 0x700f8a, 0x700f91, 0x700f98, 0x700f9f, 0x700fa6, 0x700fad, 0x700fb4, 0x700fbb,
    0x700fc2, 0x700fc9, 0x700fd0, 0x700fd7, 0x700fde, 0x700fe5, 0x700fec, 0x700ff3, 0x700ffa, 0x701001, 0x701008, 0x70100f,
    0x701016, 0x70101d, 0x701024, 0x70102b, 0x701032, 0x701039, 0x701040, 0x701047, 0x70104e, 0x701055, 0x70105c, 0x701063,
    0x70106a, 0x701071, 0x701078, 0x70107f, 0x701086, 0x70108d, 0x701094, 0x70109b, 0x7010a2, 0x7010a9, 0x7010b0, 0x7010b7,
    0x7010be, 0x7010c5, 0x7010cc, 0x6010d3, 0x6010d9, 0x6010df, 0x6010e5, 0x6010eb, 0x6010f1, 0x6010f7, 0x6010fd, 0x601103,
    0x601109, 0x60110f, 0x601115, 0x50111b, 0x501120, 0x501125, 0x50112a, 0x50112f, 0x501134, 0x501139, 0x50113e, 0x501143,
    0x501148, 0x50114d, 0x501152, 0x501157, 0x50115c, 0x501161, 0x501166, 0x50116b, 0x501170, 0x501175, 0x50117a, 0x50117f,
    0x501184, 0x501189, 0x50118e, 0x501193, 0x501198, 0x50119d, 0x5011a2, 0x5011a7, 0x5011ac, 0x5011b1, 0x5011b6, 0x5011bb,
    0x5011c0, 0x5011c5, 0x5011ca, 0x5011cf, 0x5011d4, 0x5011d9, 0x5011de, 0x5011e3, 0x5011e8, 0x5011ed, 0x5011f2, 0x5011f7,
    0x5011fc, 0x501201, 0x501206, 0x50120b, 0x501210, 0x501215, 0x50121a, 0x50121f, 0x501224, 0x501229, 0x50122e, 0x501233,
    0x501238, 0x50123d, 0x501242, 0x501247, 0x50124c, 0x501251, 0x501256, 0x50125b, 0x501260, 0x501265, 0x50126a, 0x50126f,
    0x501274, 0x501279, 0x50127e, 0x501283, 0x501288, 0x50128d, 0x501292, 0x501297, 0x50129c, 0x5012a1, 0x5012a6, 0x5012ab,
    0x5012b0, 0x5012b5, 0x5012ba, 0x5012bf, 0x5012c4, 0x5012c9, 0x5012ce, 0x5012d3, 0x5012d8, 0x5012dd, 0x5012e2, 0x5012e7,
    0x5012ec, 0x5012f1, 0x5012f6, 0x5012fb, 0x501300, 0x501305, 0x50130a, 0x50130f, 0x501314, 0x501319, 0x50131e, 0x501323,
    0x501328, 0x50132d, 0x501332, 0x501337, 0x50133c, 0x501341, 0x501346, 0x50134b, 0x501350, 0x501355, 0x50135a, 0x50135f,
    0x501364, 0x501369, 0x50136e, 0x501373, 0x501378, 0x50137d, 0x501382, 0x501387, 0x50138c, 0x501391, 0x501396, 0x50139b,
    0x5013a0, 0x5013a5, 0x5013aa, 0x5013af, 0x5013b4, 0x5013b9, 0x5013be, 0x5013c3, 0x5013c8, 0x5013cd, 0x5013d2, 0x5013d7,
    0x5013dc, 0x5013e1, 0x5013e6, 0x5013eb, 0x5013f0, 0x5013f5, 0x5013fa, 0x5013ff, 0x501404, 0x501409, 0x50140e, 0x501413,
    0x501418, 0x50141d, 0x501422, 0x501427, 0x50142c, 0x501431, 0x501436, 0x50143b, 0x501440, 0x501445, 0x50144a, 0x50144f,
    0x501454, 0x501459, 0x50145e, 0x501463, 0x501468, 0x50146d, 0x501472, 0x501477, 0x50147c, 0x501481, 0x501486, 0x50148b,
    0x501490, 0x501495, 0x50149a, 0x50149f, 0x5014a4, 0x5014a9, 0x5014ae, 0x5014b3, 0x5014b8, 0x5014bd, 0x5014c2, 0x5014c7,
    0x5014cc, 0x5014d1, 0x5014d6, 0x5014db, 0x5014e0, 0x5014e5, 0x5014ea, 0x5014ef, 0x5014f4, 0x5014f9, 0x5014fe, 0x501503,
    0x501508, 0x50150d, 0x501512, 0x501517, 0x50151c, 0x501521, 0x501526, 0x50152b, 0x501530, 0x501535, 0x50153a, 0x50153f,
    0x501544, 0x501549, 0x50154e, 0x501553, 0x501558, 0x50155d, 0x501562, 0x501567, 0x50156c, 0x501571, 0x501576, 0x50157b,
    0x501580, 0x501585, 0x50158a, 0x50158f, 0x501594, 0x501599, 0x50159e, 0x5015a3, 0x5015a8, 0x5015ad, 0x5015b2, 0x5015b7,
    0x5015bc, 0x5015c1, 0x5015c6, 0x5015cb, 0x5015d0, 0x5015d5, 0x5015da, 0x5015df, 0x5015e4, 0x5015e9, 0x5015ee, 0x5015f3,
    0x5015f8, 0x5015fd, 0x501602, 0x501607, 0x50160c, 0x501611, 0x501616, 0x50161b, 0x501620, 0x501625, 0x50162a, 0x50162f,
    0x501634, 0x501639, 0x50163e, 0x501643, 0x501648, 0x50164d, 0x501652, 0x501657, 0x50165c, 0x501661, 0x501666, 0x50166b,
    0x501670, 0x501675, 0x50167a, 0x50167f, 0x501684, 0x501689, 0x50168e, 0x501693, 0x501698, 0x50169d, 0x5016a2, 0x5016a7,
    0x5016ac, 0x5016b1, 0x5016b6, 0x5016bb, 0x5016c0, 0x5016c5, 0x5016ca, 0x5016cf, 0x5016d4, 0x5016d9, 0x5016de, 0x5016e3,
    0x5016e8, 0x5016ed, 0x5016f2, 0x5016f7, 0x5016fc, 0x501701, 0x501706, 0x50170b, 0x501710, 0x501715, 0x50171a, 0x50171f,
    0x501724, 0x501729, 0x50172e, 0x501733, 0x501738, 0x50173d, 0x501742, 0x501747, 0x50174c, 0x501751, 0x501756, 0x50175b,
    0x501760, 0x501765, 0x50176a, 0x50176f, 0x501774, 0x501779, 0x50177e, 0x501783, 0x501788, 0x50178d, 0x501792, 0x501797,
    0x50179c, 0x5017a1, 0x5017a6, 0x5017ab, 0x5017b0, 0x5017b5, 0x5017ba, 0x5017bf, 0x5017c4, 0x5017c9, 0x5017ce, 0x5017d3,
    0x5017d8, 0x5017dd, 0x5017e2, 0x5017e7, 0x5017ec, 0x5017f1, 0x5017f6, 0x5017fb, 0x501800, 0x501805, 0x50180a, 0x50180f,
    0x501814, 0x501819, 0x50181e, 0x501823, 0x501828, 0x50182d, 0x501832, 0x501837, 0x50183c, 0x501841, 0x501846, 0x50184b,
    0x501850, 0x501855, 0x50185a, 0x50185f, 0x501864, 0x501869, 0x50186e, 0x501873, 0x501878, 0x50187d, 0x501882, 0x501887,
    0x50188c, 0x501891, 0x501896, 0x50189b, 0x5018a0, 0x5018a5, 0x5018aa, 0x5018af, 0x5018b4, 0x5018b9, 0x5018be, 0x5018c3,
    0x5018c8, 0x5018cd, 0x5018d2, 0x5018d7, 0x5018dc, 0x5018e1, 0x5018e6, 0x5018eb, 0x5018f0, 0x5018f5, 0x5018fa, 0x5018ff,
    0x501904, 0x501909, 0x50190e, 0x501913, 0x501918, 0x50191d, 0x501922, 0x501927, 0x50192c, 0x501931, 0x501936, 0x50193b,
    0x501940, 0x501945, 0x50194a, 0x50194f, 0x501954, 0x501959, 0x50195e, 0x501963, 0x501968, 0x50196d, 0x501972, 0x501977,
    0x50197c, 0x501981, 0x501986, 0x50198b, 0x501990, 0x501995, 0x50199a, 0x50199f, 0x5019a4, 0x5019a9, 0x5019ae, 0x5019b3,
    0x5019b8, 0x5019bd, 0x5019c2, 0x5019c7, 0x5019cc, 0x5019d1, 0x5019d6, 0x5019db, 0x5019e0, 0x5019e5, 0x5019ea, 0x5019ef,
    0x5019f4, 0x5019f9, 0x5019fe, 0x501a03, 0x501a08, 0x501a0d, 0x501a12, 0x501a17, 0x501a1c, 0x501a21, 0x501a26, 0x501a2b,
    0x501a30, 0x501a35, 0x501a3a, 0x501a3f, 0x501a44, 0x501a49, 0x501a4e, 0x501a53, 0x501a58, 0x501a5d, 0x501a62, 0x501a67,
    0x501a6c, 0x501a71, 0x501a76, 0x501a7b, 0x501a80, 0x501a85, 0x501a8a, 0x501a8f, 0x501a94, 0x501a99, 0x501a9e, 0x501aa3,
    0x501aa8, 0x501aad, 0x501ab2, 0x501ab7, 0x501abc, 0x501ac1, 0x501ac6, 0x501acb, 0x501ad0, 0x501ad5, 0x501ada, 0x501adf,
    0x501ae4, 0x501ae9, 0x501aee, 0x501af3, 0x501af8, 0x501afd, 0x501b02, 0x501b07, 0x501b0c, 0x501b11, 0x501b16, 0x501b1b,
    0x501b20, 0x501b25, 0x501b2a, 0x501b2f, 0x501b34, 0x501b39, 0x501b3e, 0x501b43, 0x501b48, 0x501b4d, 0x501b52, 0x501b57,
    0x501b5c, 0x501b61, 0x501b66, 0x501b6b, 0x501b70, 0x501b75, 0x501b7a, 0x501b7f, 0x501b84, 0x501b89, 0x501b8e, 0x501b93,
    0x501b98, 0x501b9d, 0x501ba2, 0x501ba7, 0x501bac, 0x501bb1, 0x501bb6, 0x501bbb, 0x501bc0, 0x501bc5, 0x501bca, 0x501bcf,
    0x501bd4, 0x501bd9, 0x501bde, 0x501be3, 0x501be8, 0x501bed, 0x501bf2, 0x501bf7, 0x501bfc, 0x501c01, 0x501c06, 0x501c0b,
    0x501c10, 0x501c15, 0x501c1a, 0x501c1f, 0x501c24, 0x501c29, 0x501c2e, 0x501c33, 0x501c38, 0x501c3d, 0x501c42, 0x501c47,
    0x501c4c, 0x501c51, 0x501c56, 0x501c5b, 0x501c60, 0x501c65, 0x501c6a, 0x501c6f, 0x501c74, 0x501c79, 0x501c7e, 0x501c83,
    0x501c88, 0x501c8d, 0x501c92, 0x501c97, 0x501c9c, 0x501ca1, 0x501ca6, 0x501cab, 0x501cb0, 0x501cb5, 0x401cba, 0x401cbe,
    0x401cc2, 0x401cc6, 0x401cca, 0x401cce, 0x401cd2, 0x401cd6, 0x401cda, 0x401cde, 0x401ce2, 0x401ce6, 0x401cea, 0x401cee,
    0x401cf2, 0x401cf6, 0x401cfa, 0x401cfe, 0x401d02, 0x401d06, 0x401d0a, 0x401d0e, 0x401d12, 0x401d16, 0x401d1a, 0x401d1e,
    0x401d22, 0x401d26, 0x401d2a, 0x401d2e, 0x401d32, 0x401d36, 0x401d3a, 0x401d3e, 0x401d42, 0x401d46, 0x401d4a, 0x401d4e,
    0x401d52, 0x401d56, 0x401d5a, 0x401d5e, 0x401d62, 0x401d66, 0x401d6a, 0x401d6e, 0x401d72, 0x401d76, 0x401d7a, 0x401d7e,
    0x401d82, 0x401d86, 0x401d8a, 0x401d8e, 0x401d92, 0x401d96, 0x401d9a, 0x401d9e, 0x401da2, 0x401da6, 0x401daa, 0x401dae,
    0x401db2, 0x401db6, 0x401dba, 0x401dbe, 0x401dc2, 0x401dc6, 0x401dca, 0x401dce, 0x401dd2, 0x401dd6, 0x401dda, 0x401dde,
    0x401de2, 0x401de6, 0x401dea, 0x401dee, 0x401df2, 0x401df6, 0x401dfa, 0x401dfe, 0x401e02, 0x401e06, 0x401e0a, 0x401e0e,
    0x401e12, 0x401e16, 0x401e1a, 0x401e1e, 0x401e22, 0x401e26, 0x401e2a, 0x401e2e, 0x401e32, 0x401e36, 0x401e3a, 0x401e3e,
    0x401e42, 0x401e46, 0x401e4a, 0x401e4e, 0x401e52, 0x401e56, 0x401e5a, 0x401e5e, 0x401e62, 0x401e66, 0x401e6a, 0x401e6e,
    0x401e72, 0x401e76, 0x401e7a, 0x401e7e, 0x401e82, 0x401e86, 0x401e8a, 0x401e8e, 0x401e92, 0x401e96, 0x401e9a, 0x401e9e,
    0x401ea2, 0x401ea6, 0x401eaa, 0x401eae, 0x401eb2, 0x401eb6, 0x401eba, 0x401ebe, 0x401ec2, 0x401ec6, 0x401eca, 0x401ece,
    0x401ed2, 0x401ed6, 0x401eda, 0x401ede, 0x401ee2, 0x401ee6, 0x401eea, 0x401eee, 0x401ef2, 0x401ef6, 0x401efa, 0x401efe,
    0x401f02, 0x401f06, 0x401f0a, 0x401f0e, 0x401f12, 0x401f16, 0x401f1a, 0x401f1e, 0x401f22, 0x401f26, 0x401f2a, 0x401f2e,
    0x401f32, 0x401f36, 0x401f3a, 0x401f3e, 0x401f42, 0x401f46, 0x401f4a, 0x401f4e, 0x401f52, 0x401f56, 0x401f5a, 0x401f5e,
    0x401f62, 0x401f66, 0x401f6a, 0x401f6e, 0x401f72, 0x401f76, 0x401f7a, 0x401f7e, 0x401f82, 0x401f86, 0x401f8a, 0x401f8e,
    0x401f92, 0x401f96, 0x401f9a, 0x401f9e, 0x401fa2, 0x401fa6, 0x401faa, 0x401fae, 0x401fb2, 0x401fb6, 0x401fba, 0x401fbe,
    0x401fc2, 0x401fc6, 0x401fca, 0x401fce, 0x401fd2, 0x401fd6, 0x401fda, 0x401fde, 0x401fe2, 0x401fe6, 0x401fea, 0x401fee,
    0x401ff2, 0x401ff6, 0x401ffa, 0x401ffe, 0x402002, 0x402006, 0x40200a, 0x40200e, 0x402012, 0x402016, 0x40201a, 0x40201e,
    0x402022, 0x402026, 0x40202a, 0x40202e, 0x402032, 0x402036, 0x40203a, 0x40203e, 0x402042, 0x402046, 0x40204a, 0x40204e,
    0x402052, 0x402056, 0x40205a, 0x40205e, 0x402062, 0x402066, 0x40206a, 0x40206e, 0x402072, 0x402076, 0x40207a, 0x40207e,
    0x402082, 0x402086, 0x40208a, 0x40208e, 0x402092, 0x402096, 0x40209a, 0x40209e, 0x4020a2, 0x4020a6, 0x4020aa, 0x4020ae,
    0x4020b2, 0x4020b6, 0x4020ba, 0x4020be, 0x4020c2, 0x4020c6, 0x4020ca, 0x4020ce, 0x4020d2, 0x4020d6, 0x4020da, 0x4020de,
    0x4020e2, 0x4020e6, 0x4020ea, 0x4020ee, 0x4020f2, 0x4020f6, 0x4020fa, 0x4020fe, 0x402102, 0x402106, 0x40210a, 0x40210e,
    0x402112, 0x402116, 0x40211a, 0x40211e, 0x402122, 0x402126, 0x40212a, 0x40212e, 0x402132, 0x402136, 0x40213a, 0x40213e,
    0x402142, 0x402146, 0x40214a, 0x40214e, 0x402152, 0x402156, 0x40215a, 0x40215e, 0x402162, 0x402166, 0x40216a, 0x40216e,
    0x402172, 0x402176, 0x40217a, 0x40217e, 0x402182, 0x402186, 0x40218a, 0x40218e, 0x402192, 0x402196, 0x40219a, 0x40219e,
    0x4021a2, 0x4021a6, 0x4021aa, 0x4021ae, 0x4021b2, 0x4021b6, 0x4021ba, 0x4021be, 0x4021c2, 0x4021c6, 0x4021ca, 0x4021ce,
    0x4021d2, 0x4021d6, 0x4021da, 0x4021de, 0x4021e2, 0x4021e6, 0x4021ea, 0x4021ee, 0x4021f2, 0x4021f6, 0x4021fa, 0x4021fe,
    0x402202, 0x402206, 0x40220a, 0x40220e, 0x402212, 0x402216, 0x40221a, 0x40221e, 0x402222, 0x402226, 0x40222a, 0x40222e,
    0x402232, 0x402236, 0x40223a, 0x40223e, 0x402242, 0x402246, 0x40224a, 0x40224e, 0x402252, 0x402256, 0x40225a, 0x40225e,
    0x402262, 0x402266, 0x40226a, 0x40226e, 0x402272, 0x402276, 0x40227a, 0x40227e, 0x402282, 0x402286, 0x40228a, 0x40228e,
    0x402292, 0x402296, 0x40229a, 0x40229e, 0x4022a2, 0x4022a6, 0x4022aa, 0x4022ae, 0x4022b2, 0x4022b6, 0x4022ba, 0x4022be,
    0x4022c2, 0x4022c6, 0x4022ca, 0x4022ce, 0x4022d2, 0x4022d6, 0x4022da, 0x4022de, 0x4022e2, 0x4022e6, 0x4022ea, 0x4022ee,
    0x4022f2, 0x4022f6, 0x4022fa, 0x4022fe, 0x402302, 0x402306, 0x40230a, 0x40230e, 0x402312, 0x402316, 0x40231a, 0x40231e,
    0x402322, 0x402326, 0x40232a, 0x40232e, 0x402332, 0x402336, 0x40233a, 0x40233e, 0x402342, 0x402346, 0x40234a, 0x40234e,
    0x402352, 0x402356, 0x40235a, 0x40235e, 0x402362, 0x402366, 0x40236a, 0x40236e, 0x402372, 0x402376, 0x40237a, 0x40237e,
    0x402382, 0x402386, 0x40238a, 0x40238e, 0x402392, 0x402396, 0x30019e, 0x3001a1, 0x3001a4, 0x3001a7, 0x3001aa, 0x3001ad,
    0x3001b0, 0x3001b3, 0x3001b6, 0x3001b9, 0x3001bc, 0x3001bf, 0x30239a, 0x30239d, 0x3023a0, 0x3023a3, 0x3023a6, 0x3023a9,
    0x3023ac, 0x3023af, 0x3023b2, 0x3023b5, 0x3023b8, 0x3023bb, 0x3023be, 0x3023c1, 0x3023c4, 0x3023c7, 0x3023ca, 0x3023cd,
    0x3023d0, 0x3023d3, 0x3023d6, 0x3023d9, 0x3023dc, 0x3023df, 0x3023e2, 0x3023e5, 0x3023e8, 0x3023eb, 0x3023ee, 0x3023f1,
    0x3023f4, 0x3023f7, 0x3023fa, 0x3023fd, 0x302400, 0x302403, 0x302406, 0x302409, 0x30240c, 0x30240f, 0x302412, 0x302415,
    0x302418, 0x30241b, 0x30241e, 0x302421, 0x302424, 0x302427, 0x30242a, 0x30242d, 0x302430, 0x302433, 0x302436, 0x302439,
    0x30243c, 0x30243f, 0x302442, 0x302445, 0x302448, 0x30244b, 0x30244e, 0x302451, 0x302454, 0x302457, 0x30245a, 0x30245d,
    0x302460, 0x302463, 0x302466, 0x302469, 0x30246c, 0x30246f, 0x302472, 0x302475, 0x302478, 0x30247b, 0x30247e, 0x302481,
    0x200000, 0x200002, 0x200004, 0x200006, 0x200008, 0x20000a, 0x20000c, 0x20000e, 0x200010, 0x200012, 0x200014, 0x200016,
    0x200018, 0x20001a, 0x20001c, 0x20001e, 0x200020, 0x200022, 0x200024, 0x200026, 0x200028, 0x20002a, 0x20002c, 0x20002e,
    0x200030, 0x200032, 0x200034, 0x200036, 0x200038, 0x20003a, 0x20003c, 0x20003e, 0x200040, 0x200042, 0x200044, 0x200046,
    0x200048, 0x20004a, 0x20004c, 0x20004e, 0x202484, 0x202486, 0x202488, 0x20248a, 0x20248c, 0x200050, 0x200052, 0x200054,
    0x200056, 0x200058, 0x20005a, 0x20005c, 0x20005e, 0x200060, 0x200062, 0x200064, 0x200066, 0x200068, 0x20006a, 0x20006c,
    0x20006e, 0x200070, 0x200072, 0x200074, 0x200076, 0x200078, 0x20007a, 0x20007c, 0x20007e, 0x200080, 0x200082, 0x200084,
    0x200086, 0x200088, 0x20008a, 0x20008c, 0x20008e, 0x200090, 0x200092, 0x200094, 0x200096, 0x200098, 0x20009a, 0x20009c,
    0x20009e, 0x2000a0, 0x2000a2, 0x2000a4, 0x20248e, 0x202490, 0x202492, 0x202494, 0x202496, 0x2000a6, 0x2000a8, 0x2000aa,
    0x202498, 0x20249a, 0x20249c, 0x20249e, 0x2024a0, 0x2024a2, 0x2024a4, 0x2024a6, 0x2024a8, 0x2024aa, 0x2000ac, 0x2024ac,
    0x2024ae, 0x2024b0, 0x2024b2, 0x2024b4, 0x2000ae, 0x2024b6, 0x2024b8, 0x2024ba, 0x2024bc, 0x2024be, 0x2000b0, 0x2000b2,
    0x2000b4, 0x2000b6, 0x2000b8, 0x2000ba, 0x2000bc, 0x2000be, 0x2000c0, 0x2000c2, 0x2000c4, 0x2000c6, 0x2000c8, 0x2000ca,
    0x2000cc, 0x2000ce, 0x2000d0, 0x2000d2, 0x2000d4, 0x2000d6, 0x2000d8, 0x2000da, 0x2000dc, 0x2000de, 0x2000e0, 0x2000e2,
    0x2024c0, 0x2024c2, 0x2024c4, 0x2024c6, 0x2024c8, 0x2024ca, 0x2024cc, 0x2024ce, 0x2024d0, 0x2024d2, 0x2024d4, 0x2024d6,
    0x2024d8, 0x2024da, 0x2024dc, 0x2024de, 0x2024e0, 0x2024e2, 0x2024e4, 0x2024e6, 0x2024e8, 0x2024ea, 0x2024ec, 0x2024ee,
    0x2024f0, 0x2024f2, 0x2024f4, 0x2024f6, 0x2024f8, 0x2024fa, 0x2024fc, 0x2024fe, 0x202500, 0x202502, 0x202504, 0x202506,
    0x202508, 0x20250a, 0x20250c, 0x20250e, 0x202510, 0x202512, 0x202514, 0x202516, 0x202518, 0x20251a, 0x20251c, 0x20251e,
    0x202520, 0x202522, 0x202524, 0x202526, 0x202528, 0x20252a, 0x20252c, 0x20252e, 0x202530, 0x202532, 0x202534, 0x202536,
    0x202538, 0x20253a, 0x20253c, 0x20253e, 0x202540, 0x202542, 0x202544, 0x202546, 0x202548, 0x20254a, 0x20254c, 0x20254e,
    0x202550, 0x202552, 0x202554, 0x202556, 0x202558, 0x20255a, 0x20255c, 0x20255e, 0x202560, 0x202562, 0x202564, 0x202566,
    0x202568, 0x20256a, 0x20256c, 0x20256e, 0x202570, 0x202572, 0x202574, 0x202576, 0x202578, 0x20257a, 0x20257c, 0x20257e,
    0x202580, 0x202582, 0x202584, 0x202586, 0x202588, 0x20258a, 0x20258c, 0x20258e, 0x202590, 0x202592, 0x202594, 0x202596,
    0x202598, 0x20259a, 0x20259c, 0x20259e, 0x2025a0, 0x2025a2, 0x2025a4, 0x2025a6, 0x2025a8, 0x2025aa, 0x2025ac, 0x2025ae,
    0x2025b0, 0x2025b2, 0x2025b4, 0x2025b6, 0x2025b8, 0x2025ba, 0x2025bc, 0x2025be, 0x2025c0, 0x2025c2, 0x2025c4, 0x2025c6,
    0x2025c8, 0x2025ca, 0x2025cc, 0x2025ce, 0x2025d0, 0x2025d2, 0x2025d4, 0x2025d6, 0x2025d8, 0x2025da, 0x2025dc, 0x2025de,
    0x2025e0, 0x2025e2, 0x2025e4, 0x2025e6, 0x2025e8, 0x2025ea, 0x2025ec, 0x2025ee, 0x2025f0, 0x2025f2, 0x2025f4, 0x2025f6,
    0x2025f8, 0x2025fa, 0x2025fc, 0x2025fe, 0x202600, 0x202602, 0x202604, 0x202606, 0x202608, 0x20260a, 0x20260c, 0x20260e,
    0x202610, 0x202612, 0x202614, 0x202616, 0x202618, 0x20261a, 0x20261c, 0x20261e, 0x202620, 0x202622, 0x202624, 0x202626,
    0x202628, 0x20262a, 0x20262c, 0x20262e, 0x202630, 0x202632, 0x202634, 0x202636, 0x202638, 0x20263a, 0x20263c, 0x20263e,
    0x202640, 0x202642, 0x202644, 0x202646, 0x202648, 0x20264a, 0x20264c, 0x20264e, 0x202650, 0x202652, 0x202654, 0x202656,
    0x202658, 0x20265a, 0x20265c, 0x20265e, 0x202660, 0x202662, 0x202664, 0x202666, 0x202668, 0x20266a, 0x20266c, 0x20266e,
    0x202670, 0x202672, 0x202674, 0x202676, 0x202678, 0x20267a, 0x20267c, 0x20267e, 0x202680, 0x202682, 0x202684, 0x202686,
    0x202688, 0x20268a, 0x20268c, 0x20268e, 0x202690, 0x202692, 0x202694, 0x202696, 0x202698, 0x20269a, 0x20269c, 0x20269e,
    0x2026a0, 0x2026a2, 0x2026a4, 0x2026a6, 0x2026a8, 0x2026aa, 0x2026ac, 0x2026ae, 0x2026b0, 0x2026b2, 0x2026b4, 0x2026b6,
    0x2026b8, 0x2026ba, 0x2026bc, 0x2026be, 0x2026c0, 0x2026c2, 0x2026c4, 0x2000e4, 0x2000e6, 0x2000e8, 0x2000ea, 0x2000ec,
    0x2000ee, 0x2000f0, 0x2000f2, 0x2000f4, 0x2000f6, 0x2000f8, 0x2000fa, 0x2000fc, 0x2000fe, 0x2026c6, 0x2026c8, 0x2026ca,
    0x2026cc, 0x2026ce, 0x200100, 0x200102, 0x200104, 0x200106, 0x200108, 0x20010a, 0x20010c, 0x2026d0, 0x2026d2, 0x2026d4,
    0x2026d6, 0x2026d8, 0x2026da, 0x2026dc, 0x2026de, 0x2026e0, 0x2026e2, 0x2026e4, 0x2026e6, 0x2026e8, 0x2026ea, 0x2026ec,
    0x2026ee, 0x2026f0, 0x2026f2, 0x2026f4, 0x2026f6, 0x2026f8, 0x2026fa, 0x2026fc, 0x2026fe, 0x202700, 0x20010e, 0x202702,
    0x202704, 0x202706, 0x202708, 0x20270a, 0x200110, 0x20270c, 0x20270e, 0x202710, 0x202712, 0x202714, 0x200112, 0x200114,
    0x200116, 0x200118, 0x20011a, 0x20011c, 0x20011e, 0x200120, 0x200122, 0x200124, 0x200126, 0x200128, 0x20012a, 0x20012c,
    0x20012e, 0x200130, 0x200132, 0x200134, 0x200136, 0x202716, 0x202718, 0x20271a, 0x20271c, 0x20271e, 0x202720, 0x202722,
    0x202724, 0x202726, 0x202728, 0x20272a, 0x20272c, 0x20272e, 0x202730, 0x202732, 0x202734, 0x202736, 0x202738, 0x20273a,
    0x20273c, 0x20273e, 0x202740, 0x202742, 0x202744, 0x202746, 0x202748, 0x20274a, 0x20274c, 0x20274e, 0x202750, 0x202752,
    0x202754, 0x202756, 0x202758, 0x20275a, 0x20275c, 0x20275e, 0x202760, 0x202762, 0x202764, 0x202766, 0x202768, 0x20276a,
    0x20276c, 0x20276e, 0x202770, 0x202772, 0x202774, 0x202776, 0x202778, 0x20277a, 0x20277c, 0x20277e, 0x202780, 0x202782,
    0x202784, 0x202786, 0x202788, 0x20278a, 0x20278c, 0x20278e, 0x202790, 0x202792, 0x202794, 0x202796, 0x202798, 0x20279a,
    0x20279c, 0x20279e, 0x2027a0, 0x2027a2, 0x2027a4, 0x2027a6, 0x2027a8, 0x2027aa, 0x2027ac, 0x2027ae, 0x2027b0, 0x2027b2,
    0x2027b4, 0x2027b6, 0x2027b8, 0x2027ba, 0x2027bc, 0x2027be, 0x2027c0, 0x2027c2, 0x2027c4, 0x2027c6, 0x2027c8, 0x2027ca,
    0x2027cc, 0x2027ce, 0x2027d0, 0x2027d2, 0x2027d4, 0x2027d6, 0x2027d8, 0x2027da, 0x2027dc, 0x2027de, 0x2027e0, 0x2027e2,
    0x2027e4, 0x2027e6, 0x2027e8, 0x2027ea, 0x2027ec, 0x2027ee, 0x2027f0, 0x2027f2, 0x2027f4, 0x2027f6, 0x2027f8, 0x2027fa,
    0x2027fc, 0x2027fe, 0x202800, 0x202802, 0x202804, 0x202806, 0x202808, 0x20280a, 0x20280c, 0x20280e, 0x202810, 0x202812,
    0x202814, 0x202816, 0x202818, 0x20281a, 0x20281c, 0x20281e, 0x202820, 0x202822, 0x202824, 0x202826, 0x202828, 0x20282a,
    0x20282c, 0x20282e, 0x202830, 0x202832, 0x202834, 0x202836, 0x202838, 0x20283a, 0x20283c, 0x20283e, 0x202840, 0x202842,
    0x202844, 0x202846, 0x202848, 0x20284a, 0x20284c, 0x20284e, 0x202850, 0x202852, 0x202854, 0x202856, 0x202858, 0x20285a,
    0x20285c, 0x20285e, 0x202860, 0x202862, 0x202864, 0x202866, 0x202868, 0x20286a, 0x20286c, 0x20286e, 0x202870, 0x202872,
    0x202874, 0x202876, 0x202878, 0x20287a, 0x20287c, 0x20287e, 0x202880, 0x202882, 0x202884, 0x202886, 0x202888, 0x20288a,
    0x20288c, 0x20288e, 0x202890, 0x202892, 0x202894, 0x202896, 0x202898, 0x20289a, 0x20289c, 0x20289e, 0x2028a0, 0x2028a2,
    0x2028a4, 0x2028a6, 0x2028a8, 0x2028aa, 0x2028ac, 0x2028ae, 0x200138, 0x20013a, 0x20013c, 0x20013e, 0x200140, 0x200142,
    0x200144, 0x2028b0, 0x2028b2, 0x2028b4, 0x2028b6, 0x2028b8, 0x200146, 0x2028ba, 0x2028bc, 0x2028be, 0x2028c0, 0x2028c2,
    0x200148, 0x20014a, 0x20014c, 0x20014e, 0x2028c4, 0x2028c6, 0x2028c8, 0x2028ca, 0x2028cc, 0x200150, 0x200152, 0x200154,
    0x200156, 0x200158, 0x20015a, 0x2028ce, 0x2028d0, 0x2028d2, 0x2028d4, 0x2028d6, 0x2028d8, 0x2028da, 0x2028dc, 0x2028de,
    0x2028e0, 0x2028e2, 0x2028e4, 0x2028e6, 0x2028e8, 0x2028ea, 0x20015c, 0x20015e, 0x200160, 0x200162, 0x200164, 0x200166,
    0x200168, 0x20016a, 0x20016c, 0x20016e, 0x200170, 0x200172, 0x200174, 0x200176, 0x200178, 0x20017a, 0x20017c, 0x20017e,
    0x200180, 0x200182, 0x2028ec, 0x2028ee, 0x2028f0, 0x2028f2, 0x2028f4, 0x2028f6, 0x2028f8, 0x2028fa, 0x2028fc, 0x2028fe,
    0x202900, 0x202902, 0x202904, 0x202906, 0x202908, 0x20290a, 0x20290c, 0x20290e, 0x202910, 0x202912, 0x202914, 0x202916,
    0x202918, 0x20291a, 0x20291c, 0x20291e, 0x202920, 0x202922, 0x202924, 0x202926, 0x202928, 0x20292a, 0x20292c, 0x20292e,
    0x202930, 0x202932, 0x202934, 0x202936, 0x202938, 0x20293a, 0x20293c, 0x20293e, 0x202940, 0x202942, 0x202944, 0x202946,
    0x202948, 0x20294a, 0x20294c, 0x20294e, 0x202950, 0x202952, 0x202954, 0x202956, 0x202958, 0x20295a, 0x20295c, 0x20295e,
    0x202960, 0x202962, 0x202964, 0x202966, 0x202968, 0x20296a, 0x20296c, 0x200184, 0x20296e, 0x202970, 0x202972, 0x202974,
    0x202976, 0x200186, 0x200188, 0x20018a, 0x20018c, 0x20018e, 0x200190, 0x200192, 0x200194, 0x200196, 0x200198, 0x20019a,
    0x20019c, 0x202978, 0x20297a, 0x20297c, 0x20297e, 0x202980, 0x202982, 0x202984, 0x202986, 0x202988, 0x20298a, 0x20298c,
    0x20298e, 0x202990, 0x202992, 0x202994, 0x202996, 0x202998, 0x20299a, 0x20299c, 0x20299e, 0x2029a0, 0x2029a2, 0x2029a4,
    0x2029a6, 0x2029a8, 0x2029aa, 0x2029ac, 0x2029ae, 0x2029b0, 0x2029b2, 0x2029b4, 0x2029b6, 0x2029b8, 0x2029ba, 0x2029bc,
    0x2029be, 0x2029c0, 0x2029c2, 0x2029c4, 0x2029c6, 0x2029c8, 0x2029ca, 0x2029cc, 0x2029ce, 0x2029d0, 0x2029d2, 0x2029d4,
    0x2029d6, 0x2029d8, 0x2029da, 0x2029dc, 0x2029de, 0x2029e0, 0x2029e2, 0x2029e4, 0x2029e6, 0x2029e8, 0x2029ea, 0x2029ec,
    0x2029ee, 0x2029f0, 0x2029f2, 0x2029f4, 0x2029f6, 0x2029f8, 0x2029fa, 0x2029fc, 0x2029fe, 0x202a00, 0x202a02, 0x202a04,
    0x202a06, 0x202a08, 0x202a0a, 0x202a0c, 0x202a0e, 0x202a10, 0x202a12, 0x202a14, 0x202a16, 0x202a18, 0x202a1a, 0x202a1c,
    0x202a1e, 0x202a20, 0x202a22, 0x202a24, 0x202a26, 0x202a28, 0x202a2a, 0x202a2c, 0x202a2e, 0x202a30, 0x202a32, 0x202a34,
    0x202a36, 0x202a38, 0x202a3a, 0x202a3c, 0x202a3e, 0x202a40, 0x202a42, 0x202a44, 0x202a46, 0x202a48, 0x202a4a, 0x202a4c,
    0x202a4e, 0x202a50, 0x202a52, 0x202a54, 0x202a56, 0x202a58, 0x202a5a, 0x202a5c, 0x202a5e, 0x202a60, 0x202a62, 0x202a64,
    0x202a66, 0x202a68, 0x202a6a, 0x202a6c, 0x202a6e, 0x202a70, 0x202a72, 0x202a74, 0x202a76, 0x202a78, 0x202a7a, 0x202a7c,
    0x202a7e, 0x202a80, 0x202a82, 0x202a84, 0x202a86, 0x202a88, 0x202a8a, 0x202a8c, 0x202a8e, 0x202a90, 0x202a92, 0x202a94,
    0x202a96, 0x202a98, 0x202a9a, 0x202a9c, 0x202a9e, 0x202aa0, 0x202aa2, 0x202aa4, 0x202aa6, 0x202aa8, 0x202aaa, 0x202aac,
    0x202aae, 0x202ab0, 0x202ab2, 0x202ab4, 0x202ab6, 0x202ab8, 0x202aba, 0x202abc, 0x202abe, 0x202ac0, 0x202ac2, 0x202ac4,
    0x202ac6, 0x202ac8, 0x202aca, 0x202acc, 0x202ace, 0x202ad0, 0x202ad2, 0x202ad4, 0x202ad6, 0x202ad8, 0x202ada, 0x202adc,
    0x202ade, 0x202ae0, 0x202ae2, 0x202ae4, 0x202ae6, 0x202ae8, 0x202aea, 0x202aec, 0x202aee, 0x202af0, 0x202af2, 0x202af4,
    0x202af6, 0x202af8, 0x202afa, 0x202afc, 0x202afe, 0x202b00, 0x202b02, 0x202b04, 0x202b06, 0x202b08, 0x202b0a, 0x202b0c,
    0x202b0e, 0x202b10, 0x202b12, 0x202b14, 0x202b16, 0x202b18, 0x202b1a, 0x202b1c, 0x202b1e, 0x202b20, 0x202b22, 0x202b24,
    0x202b26, 0x202b28, 0x202b2a, 0x202b2c, 0x202b2e, 0x202b30, 0x202b32, 0x202b34, 0x202b36, 0x202b38, 0x202b3a, 0x202b3c,
    0x202b3e, 0x202b40, 0x202b42, 0x202b44, 0x202b46, 0x202b48, 0x202b4a, 0x202b4c, 0x202b4e, 0x202b50, 0x202b52, 0x202b54,
    0x202b56, 0x202b58, 0x202b5a, 0x202b5c, 0x202b5e, 0x202b60, 0x202b62, 0x202b64, 0x202b66, 0x202b68, 0x202b6a, 0x202b6c,
    0x202b6e, 0x202b70, 0x202b72, 0x202b74, 0x202b76, 0x202b78, 0x202b7a, 0x202b7c, 0x202b7e, 0x202b80, 0x202b82, 0x202b84,
    0x202b86, 0x202b88, 0x202b8a, 0x202b8c, 0x202b8e, 0x202b90, 0x202b92, 0x202b94, 0x202b96, 0x202b98, 0x202b9a, 0x202b9c,
    0x202b9e, 0x202ba0, 0x202ba2, 0x202ba4, 0x202ba6, 0x202ba8, 0x202baa, 0x202bac, 0x202bae, 0x202bb0, 0x202bb2, 0x202bb4,
    0x202bb6, 0x202bb8, 0x202bba, 0x2024c0, 0x2024c2, 0x2024c4, 0x2024c6, 0x2024c8, 0x2024ca, 0x2024cc, 0x2024ce, 0x2024d0,
    0x2024d2, 0x2024d4, 0x2024d6, 0x2024d8, 0x2024da, 0x2024dc, 0x2024de, 0x2024e0, 0x2024e2, 0x2024e4, 0x2024e6, 0x2024e8,
    0x2024ea, 0x2024ec, 0x2024ee, 0x2024f0, 0x2024f2, 0x2024f4, 0x2024f6, 0x2024f8, 0x2024fa, 0x2024fc, 0x2024fe, 0x202500,
    0x202502, 0x202504, 0x202506, 0x202508, 0x20250a, 0x20250c, 0x20250e, 0x202510, 0x202512, 0x202514, 0x202516, 0x202518,
    0x20251a, 0x20251c, 0x20251e, 0x202520, 0x202522, 0x202524, 0x202526, 0x202528, 0x20252a, 0x20252c, 0x20252e, 0x202530,
    0x202532, 0x202534, 0x202536, 0x202538, 0x20253a, 0x20253c, 0x20253e, 0x202540, 0x202542, 0x202544, 0x202546, 0x202548,
    0x20254a, 0x20254c, 0x20254e, 0x202550, 0x202552, 0x202554, 0x202556, 0x202558, 0x20255a, 0x20255c, 0x20255e, 0x202560,
    0x202562, 0x202564, 0x202566, 0x202568, 0x20256a, 0x20256c, 0x20256e, 0x202570, 0x202572, 0x202574, 0x202576, 0x202578,
    0x20257a, 0x20257c, 0x20257e, 0x202580, 0x202582, 0x202584, 0x202586, 0x202588, 0x20258a, 0x20258c, 0x20258e, 0x202590,
    0x202592, 0x202594, 0x202596, 0x202598, 0x20259a, 0x20259c, 0x20259e, 0x2025a0, 0x2025a2, 0x2025a4, 0x2025a6, 0x2025a8,
    0x2025aa, 0x2025ac, 0x2025ae, 0x2025b0, 0x2025b2, 0x2025b4, 0x2025b6, 0x2025b8, 0x2025ba, 0x2025bc, 0x2025be, 0x2025c0,
    0x2025c2, 0x2025c4, 0x2025c6, 0x2025c8, 0x2025ca, 0x2025cc, 0x2025ce, 0x2025d0, 0x2025d2, 0x2025d4, 0x2025d6, 0x2025d8,
    0x2025da, 0x2025dc, 0x2025de, 0x2025e0, 0x2025e2, 0x2025e4, 0x2025e6, 0x2025e8, 0x2025ea, 0x2025ec, 0x2025ee, 0x2025f0,
    0x2025f2, 0x2025f4, 0x2025f6, 0x2025f8, 0x2025fa, 0x2025fc, 0x2025fe, 0x202600, 0x202602, 0x202604, 0x202606, 0x202608,
    0x20260a, 0x20260c, 0x20260e, 0x202610, 0x202612, 0x202614, 0x202616, 0x202618, 0x20261a, 0x20261c, 0x20261e, 0x202620,
    0x202622, 0x202624, 0x202626, 0x202628, 0x20262a, 0x20262c, 0x20262e, 0x202630, 0x202632, 0x202634, 0x202636, 0x202638,
    0x20263a, 0x20263c, 0x20263e, 0x202640, 0x202642, 0x202644, 0x202646, 0x202648, 0x20264a, 0x20264c, 0x20264e, 0x202650,
    0x202652, 0x202654, 0x202656, 0x202658, 0x20265a, 0x20265c, 0x20265e, 0x202660, 0x202662, 0x202664, 0x202666, 0x202668,
    0x20266a, 0x20266c, 0x20266e, 0x202670, 0x202672, 0x202674, 0x202676, 0x202678, 0x20267a, 0x20267c, 0x20267e, 0x202680,
    0x202682, 0x202684, 0x202686, 0x202688, 0x20268a, 0x20268c, 0x20268e, 0x202690, 0x202692, 0x202694, 0x202696, 0x202698,
    0x20269a, 0x20269c, 0x20269e, 0x2026a0, 0x2026a2, 0x2026a4, 0x2026a6, 0x2026a8, 0x2026aa, 0x2026ac, 0x2026ae, 0x2026b0,
    0x2026b2, 0x2026b4, 0x2026b6, 0x2026b8, 0x2026ba, 0x2026bc, 0x2026be, 0x2026c0, 0x2026c2, 0x2026c4, 0x202484, 0x202486,
    0x202488, 0x20248a, 0x20248c, 0x20248e, 0x202490, 0x202492, 0x202494, 0x202496, 0x202498, 0x20249a, 0x20249c, 0x20249e,
    0x2024a0, 0x2024a2, 0x2024a4, 0x2024a6, 0x2024a8, 0x2024aa, 0x2024ac, 0x2024ae, 0x2024b0, 0x2024b2, 0x2024b4, 0x2024b6,
    0x2024b8, 0x2024ba, 0x2024bc, 0x2024be, 0x2026c6, 0x2026c8, 0x2026ca, 0x2026cc, 0x2026ce, 0x2026d0, 0x2026d2, 0x2026d4,
    0x2026d6, 0x2026d8, 0x2026da, 0x2026dc, 0x2026de, 0x2026e0, 0x2026e2, 0x2026e4, 0x2026e6, 0x2026e8, 0x2026ea, 0x2026ec,
    0x2026ee, 0x2026f0, 0x2026f2, 0x2026f4, 0x2026f6, 0x2026f8, 0x2026fa, 0x2026fc, 0x2026fe, 0x202700, 0x202702, 0x202704,
    0x202706, 0x202708, 0x20270a, 0x20270c, 0x20270e, 0x202710, 0x202712, 0x202714, 0x202716, 0x202718, 0x20271a, 0x20271c,
    0x20271e, 0x202720, 0x202722, 0x202724, 0x202726, 0x202728, 0x20272a, 0x20272c, 0x20272e, 0x202730, 0x202732, 0x202734,
    0x202736, 0x202738, 0x20273a, 0x20273c, 0x20273e, 0x202740, 0x202742, 0x202744, 0x202746, 0x202748, 0x20274a, 0x20274c,
    0x20274e, 0x202750, 0x202752, 0x202754, 0x202756, 0x202758, 0x20275a, 0x20275c, 0x20275e, 0x202760, 0x202762, 0x202764,
    0x202766, 0x202768, 0x20276a, 0x20276c, 0x20276e, 0x202770, 0x202772, 0x202774, 0x202776, 0x202778, 0x20277a, 0x20277c,
    0x20277e, 0x202780, 0x202782, 0x202784, 0x202786, 0x202788, 0x20278a, 0x20278c, 0x20278e, 0x202790, 0x202792, 0x202794,
    0x202796, 0x202798, 0x20279a, 0x20279c, 0x20279e, 0x2027a0, 0x2027a2, 0x2027a4, 0x2027a6, 0x2027a8, 0x2027aa, 0x2027ac,
    0x2027ae, 0x2027b0, 0x2027b2, 0x2027b4, 0x2027b6, 0x2027b8, 0x2027ba, 0x2027bc, 0x2027be, 0x2027c0, 0x2027c2, 0x2027c4,
    0x2027c6, 0x2027c8, 0x2027ca, 0x2027cc, 0x2027ce, 0x2027d0, 0x2027d2, 0x2027d4, 0x2027d6, 0x2027d8, 0x2027da, 0x2027dc,
    0x2027de, 0x2027e0, 0x2027e2, 0x2027e4, 0x2027e6, 0x2027e8, 0x2027ea, 0x2027ec, 0x2027ee, 0x2027f0, 0x2027f2, 0x2027f4,
    0x2027f6, 0x2027f8, 0x2027fa, 0x2027fc, 0x2027fe, 0x202800, 0x202802, 0x202804, 0x202806, 0x202808, 0x20280a, 0x20280c,
    0x20280e, 0x202810, 0x202812, 0x202814, 0x202816, 0x202818, 0x20281a, 0x20281c, 0x20281e, 0x202820, 0x202822, 0x202824,
    0x202826, 0x202828, 0x20282a, 0x20282c, 0x20282e, 0x202830, 0x202832, 0x202834, 0x202836, 0x202838, 0x20283a, 0x20283c,
    0x20283e, 0x202840, 0x202842, 0x202844, 0x202846, 0x202848, 0x20284a, 0x20284c, 0x20284e, 0x202850, 0x202852, 0x202854,
    0x202856, 0x202858, 0x20285a, 0x20285c, 0x20285e, 0x202860, 0x202862, 0x202864, 0x202866, 0x202868, 0x20286a, 0x20286c,
    0x20286e, 0x202870, 0x202872, 0x202874, 0x202876, 0x202878, 0x20287a, 0x20287c, 0x20287e, 0x202880, 0x202882, 0x202884,
    0x202886, 0x202888, 0x20288a, 0x20288c, 0x20288e, 0x202890, 0x202892, 0x202894, 0x202896, 0x202898, 0x20289a, 0x20289c,
    0x20289e, 0x2028a0, 0x2028a2, 0x2028a4, 0x2028a6, 0x2028a8, 0x2028aa, 0x2028ac, 0x2028ae, 0x2028b0, 0x2028b2, 0x2028b4,
    0x2028b6, 0x2028b8, 0x2028ba, 0x2028bc, 0x2028be, 0x2028c0, 0x2028c2, 0x2028c4, 0x2028c6, 0x2028c8, 0x2028ca, 0x2028cc,
    0x2028ce, 0x2028d0, 0x2028d2, 0x2028d4, 0x2028d6, 0x2028d8, 0x2028da, 0x2028dc, 0x2028de, 0x2028e0, 0x2028e2, 0x2028e4,
    0x2028e6, 0x2028e8, 0x2028ea, 0x2028ec, 0x2028ee, 0x2028f0, 0x2028f2, 0x2028f4, 0x2028f6, 0x2028f8, 0x2028fa, 0x2028fc,
    0x2028fe, 0x202900, 0x202902, 0x202904, 0x202906, 0x202908, 0x20290a, 0x20290c, 0x20290e, 0x202910, 0x202912, 0x202914,
    0x202916, 0x202918, 0x20291a, 0x20291c, 0x20291e, 0x202920, 0x202922, 0x202924, 0x202926, 0x202928, 0x20292a, 0x20292c,
    0x20292e, 0x202930, 0x202932, 0x202934, 0x202936, 0x202938, 0x20293a, 0x20293c, 0x20293e, 0x202940, 0x202942, 0x202944,
    0x202946, 0x202948, 0x20294a, 0x20294c, 0x20294e, 0x202950, 0x202952, 0x202954, 0x202956, 0x202958, 0x20295a, 0x20295c,
    0x20295e, 0x202960, 0x202962, 0x202964, 0x202966, 0x202968, 0x20296a, 0x20296c, 0x20296e, 0x202970, 0x202972, 0x202974,
    0x202976, 0x202978, 0x20297a, 0x20297c, 0x20297e, 0x202980, 0x202982, 0x202984, 0x202986, 0x202988, 0x20298a, 0x20298c,
    0x20298e, 0x202990, 0x202992, 0x202994, 0x202996, 0x202998, 0x20299a, 0x20299c, 0x20299e, 0x2029a0, 0x2029a2, 0x2029a4,
    0x2029a6, 0x2029a8, 0x2029aa, 0x2029ac, 0x2029ae, 0x2029b0, 0x2029b2, 0x2029b4, 0x2029b6, 0x2029b8, 0x2029ba, 0x2029bc,
    0x2029be, 0x2029c0, 0x2029c2, 0x2029c4, 0x2029c6, 0x2029c8, 0x2029ca, 0x2029cc, 0x2029ce, 0x2029d0, 0x2029d2, 0x2029d4,
    0x2029d6, 0x2029d8, 0x2029da, 0x2029dc, 0x2029de, 0x2029e0, 0x2029e2, 0x2029e4, 0x2029e6, 0x2029e8, 0x2029ea, 0x2029ec,
    0x2029ee, 0x2029f0, 0x2029f2, 0x2029f4, 0x2029f6, 0x2029f8, 0x2029fa, 0x2029fc, 0x2029fe, 0x202a00, 0x202a02, 0x202a04,
    0x202a06, 0x202a08, 0x202a0a, 0x202a0c, 0x202a0e, 0x202a10, 0x202a12, 0x202a14, 0x202a16, 0x202a18, 0x202a1a, 0x202a1c,
    0x202a1e, 0x202a20, 0x202a22, 0x202a24, 0x202a26, 0x202a28, 0x202a2a, 0x202a2c, 0x202a2e, 0x202a30, 0x202a32, 0x202a34,
    0x202a36, 0x202a38, 0x202a3a, 0x202a3c, 0x202a3e, 0x202a40, 0x202a42, 0x202a44, 0x202a46, 0x202a48, 0x202a4a, 0x202a4c,
    0x202a4e, 0x202a50, 0x202a52, 0x202a54, 0x202a56, 0x202a58, 0x202a5a, 0x202a5c, 0x202a5e, 0x202a60, 0x202a62, 0x202a64,
    0x202a66, 0x202a68, 0x202a6a, 0x202a6c, 0x202a6e, 0x202a70, 0x202a72, 0x202a74, 0x202a76, 0x202a78, 0x202a7a, 0x202a7c,
    0x202a7e, 0x202a80, 0x202a82, 0x202a84, 0x202a86, 0x202a88, 0x202a8a, 0x202a8c, 0x202a8e, 0x202a90, 0x202a92, 0x202a94,
    0x202a96, 0x202a98, 0x202a9a, 0x202a9c, 0x202a9e, 0x202aa0, 0x202aa2, 0x202aa4, 0x202aa6, 0x202aa8, 0x202aaa, 0x202aac,
    0x202aae, 0x202ab0, 0x202ab2, 0x202ab4, 0x202ab6, 0x202ab8, 0x202aba, 0x202abc, 0x202abe, 0x202ac0, 0x202ac2, 0x202ac4,
    0x202ac6, 0x202ac8, 0x202aca, 0x202acc, 0x202ace, 0x202ad0, 0x202ad2, 0x202ad4, 0x202ad6, 0x202ad8, 0x202ada, 0x202adc,
    0x202ade, 0x202ae0, 0x202ae2, 0x202ae4, 0x202ae6, 0x202ae8, 0x202aea, 0x202aec, 0x202aee, 0x202af0, 0x202af2, 0x202af4,
    0x202af6, 0x202af8, 0x202afa, 0x202afc, 0x202afe, 0x202b00, 0x202b02, 0x202b04, 0x202b06, 0x202b08, 0x202b0a, 0x202b0c,
    0x202b0e, 0x202b10, 0x202b12, 0x202b14, 0x202b16, 0x202b18, 0x202b1a, 0x202b1c, 0x202b1e, 0x202b20, 0x202b22, 0x202b24,
    0x202b26, 0x202b28, 0x202b2a, 0x202b2c, 0x202b2e, 0x202b30, 0x202b32, 0x202b34, 0x202b36, 0x202b38, 0x202b3a, 0x202b3c,
    0x202b3e, 0x202b40, 0x202b42, 0x202b44, 0x202b46, 0x202b48, 0x202b4a, 0x202b4c, 0x202b4e, 0x202b50, 0x202b52, 0x202b54,
    0x202b56, 0x202b58, 0x202b5a, 0x202b5c, 0x202b5e, 0x202b60, 0x202b62, 0x202b64, 0x202b66, 0x202b68, 0x202b6a, 0x202b6c,
    0x202b6e, 0x202b70, 0x202b72, 0x202b74, 0x202b76, 0x202b78, 0x202b7a, 0x202b7c, 0x202b7e, 0x202b80, 0x202b82, 0x202b84,
    0x202b86, 0x202b88, 0x202b8a, 0x202b8c, 0x202b8e, 0x202b90, 0x202b92, 0x202b94, 0x202b96, 0x202b98, 0x202b9a, 0x202b9c,
    0x202b9e, 0x202ba0, 0x202ba2, 0x202ba4, 0x202ba6, 0x202ba8, 0x202baa, 0x202bac, 0x202bae, 0x202bb0, 0x202bb2, 0x202bb4,
    0x202bb6, 0x202bb8, 0x202bba, 0x700986, 0x70098d, 0x700994, 0xa001c2, 0xa001cc, 0xa001d6, 0xa001e0, 0xa001ea, 0xa001f4,
    0xa001fe, 0xa00208, 0xa00212, 0xa0021c, 0xa00226, 0xa00230, 0xa0023a, 0xa00244, 0xa0024e, 0xa00258, 0xa00262, 0xa0026c,
    0xa00276, 0xa00280, 0xa0028a, 0xa00294, 0xa0029e, 0xa002a8, 0xa002b2, 0xa002bc, 0xa002c6, 0xa002d0, 0xa002da, 0xa002e4,
    0xa002ee, 0xa002f8, 0xa00302, 0xa0030c, 0xa00316, 0xa00320, 0xa0032a, 0xa00334, 0xa0033e, 0xa00348, 0xa00352, 0xa0035c,
    0xa00366, 0xa00370, 0xa0037a, 0xa00384, 0xa0038e, 0xa00398, 0xa003a2, 0xa003ac, 0xa003b6, 0xa003c0, 0xa003ca, 0xa003d4,
    0xa003de, 0xa003e8, 0xa003f2, 0xa003fc, 0xa00406, 0xa00410, 0xa0041a, 0xa00424, 0xa0042e, 0xa00438, 0xa00442, 0xa0044c,
    0xa00456, 0xa00460, 0xa0046a, 0xa00474, 0xa0047e, 0xa00488, 0xa00492, 0xa0049c, 0xa004a6, 0xa004b0, 0xa004ba, 0xa004c4,
    0xa004ce, 0xa004d8, 0xa004e2, 0xa004ec, 0xa004f6, 0xa00500, 0xa0050a, 0xa00514, 0xa0051e, 0xa00528, 0xa00532, 0xa0053c,
    0xa00546, 0xa00550, 0xa0055a, 0xa00564, 0xa0056e, 0x800578, 0x800580, 0x800588, 0x800590, 0x800598, 0x8005a0, 0x8005a8,
    0x8005b0, 0x8005b8, 0x8005c0, 0x8005c8, 0x8005d0, 0x8005d8, 0x8005e0, 0x8005e8, 0x8005f0, 0x8005f8, 0x800600, 0x800608,
    0x800610, 0x800618, 0x800620, 0x800628, 0x800630, 0x800638, 0x800640, 0x800648, 0x800650, 0x800658, 0x800660, 0x800668,
    0x800670, 0x800678, 0x800680, 0x800688, 0x800690, 0x800698, 0x8006a0, 0x8006a8, 0x8006b0, 0x8006b8, 0x8006c0, 0x8006c8,
    0x8006d0, 0x8006d8, 0x8006e0, 0x8006e8, 0x8006f0, 0x8006f8, 0x800700, 0x800708, 0x800710, 0x800718, 0x800720, 0x800728,
    0x800730, 0x800738, 0x800740, 0x800748, 0x800750, 0x800758, 0x800760, 0x800768, 0x800770, 0x800778, 0x800780, 0x800788,
    0x800790, 0x800798, 0x8007a0, 0x8007a8, 0x8007b0, 0x8007b8, 0x8007c0, 0x8007c8, 0x8007d0, 0x8007d8, 0x8007e0, 0x8007e8,
    0x8007f0, 0x8007f8, 0x800800, 0x800808, 0x800810, 0x800818, 0x800820, 0x800828, 0x800830, 0x800838, 0x800840, 0x800848,
    0x800850, 0x800858, 0x800860, 0x800868, 0x800870, 0x800878, 0x800880, 0x800888, 0x800890, 0x800898, 0x8008a0, 0x8008a8,
    0x8008b0, 0x8008b8, 0x8008c0, 0x8008c8, 0x8008d0, 0x8008d8, 0x8008e0, 0x8008e8, 0x8008f0, 0x8008f8, 0x800900, 0x800908,
    0x800910, 0x800918, 0x800920, 0x800928, 0x800930, 0x800938, 0x800940, 0x800948, 0x800950, 0x800958, 0x800960, 0x800968,
    0x800970, 0x700978, 0x70097f, 0x70099b, 0x7009a2, 0x7009a9, 0x7009b0, 0x7009b7, 0x7009be, 0x7009c5, 0x7009cc, 0x7009d3,
    0x7009da, 0x7009e1, 0x7009e8, 0x7009ef, 0x7009f6, 0x7009fd, 0x700a04, 0x700a0b, 0x700a12, 0x700a19, 0x700a20, 0x700a27,
    0x700a2e, 0x700a35, 0x700a3c, 0x700a43, 0x700a4a, 0x700a51, 0x700a58, 0x700a5f, 0x700a66, 0x700a6d, 0x700a74, 0x700a7b,
    0x700a82, 0x700a89, 0x700a90, 0x700a97, 0x700a9e, 0x700aa5, 0x700aac, 0x700ab3, 0x700aba, 0x700ac1, 0x700ac8, 0x700acf,
    0x700ad6, 0x700add, 0x700ae4, 0x700aeb, 0x700af2, 0x700af9, 0x700b00, 0x700b07, 0x700b0e, 0x700b15, 0x700b1c, 0x700b23,
    0x700b2a, 0x700b31, 0x700b38, 0x700b3f, 0x700b46, 0x700b4d, 0x700b54, 0x700b5b, 0x700b62, 0x700b69, 0x700b70, 0x700b77,
    0x700b7e, 0x700b85, 0x700b8c, 0x700b93, 0x700b9a, 0x700ba1, 0x700ba8, 0x700baf, 0x700bb6, 0x700bbd, 0x700bc4, 0x700bcb,
    0x700bd2, 0x700bd9, 0x700be0, 0x700be7, 0x700bee, 0x700bf5, 0x700bfc, 0x700c03, 0x700c0a, 0x700c11, 0x700c18, 0x700c1f,
    0x700c26, 0x700c2d, 0x700c34, 0x700c3b, 0x700c42, 0x700c49, 0x700c50, 0x700c57, 0x700c5e, 0x700c65, 0x700c6c, 0x700c73,
    0x700c7a, 0x700c81, 0x700c88, 0x700c8f, 0x700c96, 0x700c9d, 0x700ca4, 0x700cab, 0x700cb2, 0x700cb9, 0x700cc0, 0x700cc7,
    0x700cce, 0x700cd5, 0x700cdc, 0x700ce3, 0x700cea, 0x700cf1, 0x700cf8, 0x700cff, 0x700d06, 0x700d0d, 0x700d14, 0x700d1b,
    0x700d22, 0x700d29, 0x700d30, 0x700d37, 0x700d3e, 0x700d45, 0x700d4c, 0x700d53, 0x700d5a, 0x700d61, 0x700d68, 0x700d6f,
    0x700d76, 0x700d7d, 0x700d84, 0x700d8b, 0x700d92, 0x700d99, 0x700da0, 0x700da7, 0x700dae, 0x700db5, 0x700dbc, 0x700dc3,
    0x700dca, 0x700dd1, 0x700dd8, 0x700ddf, 0x700de6, 0x700ded, 0x700df4, 0x700dfb, 0x700e02, 0x700e09, 0x700e10, 0x700e17,
    0x700e1e, 0x700e25, 0x700e2c, 0x700e33, 0x700e3a, 0x700e41, 0x700e48, 0x700e4f, 0x700e56, 0x700e5d, 0x700e64, 0x700e6b,
    0x700e72, 0x700e79, 0x700e80, 0x700e87, 0x700e8e, 0x700e95, 0x700e9c, 0x700ea3, 0x700eaa, 0x700eb1, 0x700eb8, 0x700ebf,
    0x700ec6, 0x700ecd, 0x700ed4, 0x700edb, 0x700ee2, 0x700ee9, 0x700ef0, 0x700ef7, 0x700efe, 0x700f05, 0x700f0c, 0x700f13,
    0x700f1a, 0x700f21, 0x700f28, 0x700f2f, 0x700f36, 0x700f3d, 0x700f44, 0x700f4b, 0x700f52, 0x700f59, 0x700f60, 0x700f67,
    0x700f6e, 0x700f75, 0x700f7c, 0x700f83, 0x700f8a, 0x700f91, 0x700f98, 0x700f9f, 0x700fa6, 0x700fad, 0x700fb4, 0x700fbb,
    0x700fc2, 0x700fc9, 0x700fd0, 0x700fd7, 0x700fde, 0x700fe5, 0x700fec, 0x700ff3, 0x700ffa, 0x701001, 0x701008, 0x70100f,
    0x701016, 0x70101d, 0x701024, 0x70102b, 0x701032, 0x701039, 0x701040, 0x701047, 0x70104e, 0x701055, 0x70105c, 0x701063,
    0x70106a, 0x701071, 0x701078, 0x70107f, 0x701086, 0x70108d, 0x701094, 0x70109b, 0x7010a2, 0x7010a9, 0x7010b0, 0x7010b7,
    0x7010be, 0x7010c5, 0x7010cc, 0x6010d3, 0x6010d9, 0x6010df, 0x6010e5, 0x6010eb, 0x6010f1, 0x6010f7, 0x6010fd, 0x601103,
    0x601109, 0x60110f, 0x601115, 0x50111b, 0x501120, 0x501125, 0x50112a, 0x50112f, 0x501134, 0x501139, 0x50113e, 0x501143,
    0x501148, 0x50114d, 0x501152, 0x501157, 0x50115c, 0x501161, 0x501166, 0x50116b, 0x501170, 0x501175, 0x50117a, 0x50117f,
    0x501184, 0x501189, 0x50118e, 0x501193, 0x501198, 0x50119d, 0x5011a2, 0x5011a7, 0x5011ac, 0x5011b1, 0x5011b6, 0x5011bb,
    0x5011c0, 0x5011c5, 0x5011ca, 0x5011cf, 0x5011d4, 0x5011d9, 0x5011de, 0x5011e3, 0x5011e8, 0x5011ed, 0x5011f2, 0x5011f7,
    0x5011fc, 0x501201, 0x501206, 0x50120b, 0x501210, 0x501215, 0x50121a, 0x50121f, 0x501224, 0x501229, 0x50122e, 0x501233,
    0x501238, 0x50123d, 0x501242, 0x501247, 0x50124c, 0x501251, 0x501256, 0x50125b, 0x501260, 0x501265, 0x50126a, 0x50126f,
    0x501274, 0x501279, 0x50127e, 0x501283, 0x501288, 0x50128d, 0x501292, 0x501297, 0x50129c, 0x5012a1, 0x5012a6, 0x5012ab,
    0x5012b0, 0x5012b5, 0x5012ba, 0x5012bf, 0x5012c4, 0x5012c9, 0x5012ce, 0x5012d3, 0x5012d8, 0x5012dd, 0x5012e2, 0x5012e7,
    0x5012ec, 0x5012f1, 0x5012f6, 0x5012fb, 0x501300, 0x501305, 0x50130a, 0x50130f, 0x501314, 0x501319, 0x50131e, 0x501323,
    0x501328, 0x50132d, 0x501332, 0x501337, 0x50133c, 0x501341, 0x501346, 0x50134b, 0x501350, 0x501355, 0x50135a, 0x50135f,
    0x501364, 0x501369, 0x50136e, 0x501373, 0x501378, 0x50137d, 0x501382, 0x501387, 0x50138c, 0x501391, 0x501396, 0x50139b,
    0x5013a0, 0x5013a5, 0x5013aa, 0x5013af, 0x5013b4, 0x5013b9, 0x5013be, 0x5013c3, 0x5013c8, 0x5013cd, 0x5013d2, 0x5013d7,
    0x5013dc, 0x5013e1, 0x5013e6, 0x5013eb, 0x5013f0, 0x5013f5, 0x5013fa, 0x5013ff, 0x501404, 0x501409, 0x50140e, 0x501413,
    0x501418, 0x50141d, 0x501422, 0x501427, 0x50142c, 0x501431, 0x501436, 0x50143b, 0x501440, 0x501445, 0x50144a, 0x50144f,
    0x501454, 0x501459, 0x50145e, 0x501463, 0x501468, 0x50146d, 0x501472, 0x501477, 0x50147c, 0x501481, 0x501486, 0x50148b,
    0x501490, 0x501495, 0x50149a, 0x50149f, 0x5014a4, 0x5014a9, 0x5014ae, 0x5014b3, 0x5014b8, 0x5014bd, 0x5014c2, 0x5014c7,
    0x5014cc, 0x5014d1, 0x5014d6, 0x5014db, 0x5014e0, 0x5014e5, 0x5014ea, 0x5014ef, 0x5014f4, 0x5014f9, 0x5014fe, 0x501503,
    0x501508, 0x50150d, 0x501512, 0x501517, 0x50151c, 0x501521, 0x501526, 0x50152b, 0x501530, 0x501535, 0x50153a, 0x50153f,
    0x501544, 0x501549, 0x50154e, 0x501553, 0x501558, 0x50155d, 0x501562, 0x501567, 0x50156c, 0x501571, 0x501576, 0x50157b,
    0x501580, 0x501585, 0x50158a, 0x50158f, 0x501594, 0x501599, 0x50159e, 0x5015a3, 0x5015a8, 0x5015ad, 0x5015b2, 0x5015b7,
    0x5015bc, 0x5015c1, 0x5015c6, 0x5015cb, 0x5015d0, 0x5015d5, 0x5015da, 0x5015df, 0x5015e4, 0x5015e9, 0x5015ee, 0x5015f3,
    0x5015f8, 0x5015fd, 0x501602, 0x501607, 0x50160c, 0x501611, 0x501616, 0x50161b, 0x501620, 0x501625, 0x50162a, 0x50162f,
    0x501634, 0x501639, 0x50163e, 0x501643, 0x501648, 0x50164d, 0x501652, 0x501657, 0x50165c, 0x501661, 0x501666, 0x50166b,
    0x501670, 0x501675, 0x50167a, 0x50167f, 0x501684, 0x501689, 0x50168e, 0x501693, 0x501698, 0x50169d, 0x5016a2, 0x5016a7,
    0x5016ac, 0x5016b1, 0x5016b6, 0x5016bb, 0x5016c0, 0x5016c5, 0x5016ca, 0x5016cf, 0x5016d4, 0x5016d9, 0x5016de, 0x5016e3,
    0x5016e8, 0x5016ed, 0x5016f2, 0x5016f7, 0x5016fc, 0x501701, 0x501706, 0x50170b, 0x501710, 0x501715, 0x50171a, 0x50171f,
    0x501724, 0x501729, 0x50172e, 0x501733, 0x501738, 0x50173d, 0x501742, 0x501747, 0x50174c, 0x501751, 0x501756, 0x50175b,
    0x501760, 0x501765, 0x50176a, 0x50176f, 0x501774, 0x501779, 0x50177e, 0x501783, 0x501788, 0x50178d, 0x501792, 0x501797,
    0x50179c, 0x5017a1, 0x5017a6, 0x5017ab, 0x5017b0, 0x5017b5, 0x5017ba, 0x5017bf, 0x5017c4, 0x5017c9, 0x5017ce, 0x5017d3,
    0x5017d8, 0x5017dd, 0x5017e2, 0x5017e7, 0x5017ec, 0x5017f1, 0x5017f6, 0x5017fb, 0x501800, 0x501805, 0x50180a, 0x50180f,
    0x501814, 0x501819, 0x50181e, 0x501823, 0x501828, 0x50182d, 0x501832, 0x501837, 0x50183c, 0x501841, 0x501846, 0x50184b,
    0x501850, 0x501855, 0x50185a, 0x50185f, 0x501864, 0x501869, 0x50186e, 0x501873, 0x501878, 0x50187d, 0x501882, 0x501887,
    0x50188c, 0x501891, 0x501896, 0x50189b, 0x5018a0, 0x5018a5, 0x5018aa, 0x5018af, 0x5018b4, 0x5018b9, 0x5018be, 0x5018c3,
    0x5018c8, 0x5018cd, 0x5018d2, 0x5018d7, 0x5018dc, 0x5018e1, 0x5018e6, 0x5018eb, 0x5018f0, 0x5018f5, 0x5018fa, 0x5018ff,
    0x501904, 0x501909, 0x50190e, 0x501913, 0x501918, 0x50191d, 0x501922, 0x501927, 0x50192c, 0x501931, 0x501936, 0x50193b,
    0x501940, 0x501945, 0x50194a, 0x50194f, 0x501954, 0x501959, 0x50195e, 0x501963, 0x501968, 0x50196d, 0x501972, 0x501977,
    0x50197c, 0x501981, 0x501986, 0x50198b, 0x501990, 0x501995, 0x50199a, 0x50199f, 0x5019a4, 0x5019a9, 0x5019ae, 0x5019b3,
    0x5019b8, 0x5019bd, 0x5019c2, 0x5019c7, 0x5019cc, 0x5019d1, 0x5019d6, 0x5019db, 0x5019e0, 0x5019e5, 0x5019ea, 0x5019ef,
    0x5019f4, 0x5019f9, 0x5019fe, 0x501a03, 0x501a08, 0x501a0d, 0x501a12, 0x501a17, 0x501a1c, 0x501a21, 0x501a26, 0x501a2b,
    0x501a30, 0x501a35, 0x501a3a, 0x501a3f, 0x501a44, 0x501a49, 0x501a4e, 0x501a53, 0x501a58, 0x501a5d, 0x501a62, 0x501a67,
    0x501a6c, 0x501a71, 0x501a76, 0x501a7b, 0x501a80, 0x501a85, 0x501a8a, 0x501a8f, 0x501a94, 0x501a99, 0x501a9e, 0x501aa3,
    0x501aa8, 0x501aad, 0x501ab2, 0x501ab7, 0x501abc, 0x501ac1, 0x501ac6, 0x501acb, 0x501ad0, 0x501ad5, 0x501ada, 0x501adf,
    0x501ae4, 0x501ae9, 0x501aee, 0x501af3, 0x501af8, 0x501afd, 0x501b02, 0x501b07, 0x501b0c, 0x501b11, 0x501b16, 0x501b1b,
    0x501b20, 0x501b25, 0x501b2a, 0x501b2f, 0x501b34, 0x501b39, 0x501b3e, 0x501b43, 0x501b48, 0x501b4d, 0x501b52, 0x501b57,
    0x501b5c, 0x501b61, 0x501b66, 0x501b6b, 0x501b70, 0x501b75, 0x501b7a, 0x501b7f, 0x501b84, 0x501b89, 0x501b8e, 0x501b93,
    0x501b98, 0x501b9d, 0x501ba2, 0x501ba7, 0x501bac, 0x501bb1, 0x501bb6, 0x501bbb, 0x501bc0, 0x501bc5, 0x501bca, 0x501bcf,
    0x501bd4, 0x501bd9, 0x501bde, 0x501be3, 0x501be8, 0x501bed, 0x501bf2, 0x501bf7, 0x501bfc, 0x501c01, 0x501c06, 0x501c0b,
    0x501c10, 0x501c15, 0x501c1a, 0x501c1f, 0x501c24, 0x501c29, 0x501c2e, 0x501c33, 0x501c38, 0x501c3d, 0x501c42, 0x501c47,
    0x501c4c, 0x501c51, 0x501c56, 0x501c5b, 0x501c60, 0x501c65, 0x501c6a, 0x501c6f, 0x501c74, 0x501c79, 0x501c7e, 0x501c83,
    0x501c88, 0x501c8d, 0x501c92, 0x501c97, 0x501c9c, 0x501ca1, 0x501ca6, 0x501cab, 0x501cb0, 0x501cb5, 0x401cba, 0x401cbe,
    0x401cc2, 0x401cc6, 0x401cca, 0x401cce, 0x401cd2, 0x401cd6, 0x401cda, 0x401cde, 0x401ce2, 0x401ce6, 0x401cea, 0x401cee,
    0x401cf2, 0x401cf6, 0x401cfa, 0x401cfe, 0x401d02, 0x401d06, 0x401d0a, 0x401d0e, 0x401d12, 0x401d16, 0x401d1a, 0x401d1e,
    0x401d22, 0x401d26, 0x401d2a, 0x401d2e, 0x401d32, 0x401d36, 0x401d3a, 0x401d3e, 0x401d42, 0x401d46, 0x401d4a, 0x401d4e,
    0x401d52, 0x401d56, 0x401d5a, 0x401d5e, 0x401d62, 0x401d66, 0x401d6a, 0x401d6e, 0x401d72, 0x401d76, 0x401d7a, 0x401d7e,
    0x401d82, 0x401d86, 0x401d8a, 0x401d8e, 0x401d92, 0x401d96, 0x401d9a, 0x401d9e, 0x401da2, 0x401da6, 0x401daa, 0x401dae,
    0x401db2, 0x401db6, 0x401dba, 0x401dbe, 0x401dc2, 0x401dc6, 0x401dca, 0x401dce, 0x401dd2, 0x401dd6, 0x401dda, 0x401dde,
    0x401de2, 0x401de6, 0x401dea, 0x401dee, 0x401df2, 0x401df6, 0x401dfa, 0x401dfe, 0x401e02, 0x401e06, 0x401e0a, 0x401e0e,
    0x401e12, 0x401e16, 0x401e1a, 0x401e1e, 0x401e22, 0x401e26, 0x401e2a, 0x401e2e, 0x401e32, 0x401e36, 0x401e3a, 0x401e3e,
    0x401e42, 0x401e46, 0x401e4a, 0x401e4e, 0x401e52, 0x401e56, 0x401e5a, 0x401e5e, 0x401e62, 0x401e66, 0x401e6a, 0x401e6e,
    0x401e72, 0x401e76, 0x401e7a, 0x401e7e, 0x401e82, 0x401e86, 0x401e8a, 0x401e8e, 0x401e92, 0x401e96, 0x401e9a, 0x401e9e,
    0x401ea2, 0x401ea6, 0x401eaa, 0x401eae, 0x401eb2, 0x401eb6, 0x401eba, 0x401ebe, 0x401ec2, 0x401ec6, 0x401eca, 0x401ece,
    0x401ed2, 0x401ed6, 0x401eda, 0x401ede, 0x401ee2, 0x401ee6, 0x401eea, 0x401eee, 0x401ef2, 0x401ef6, 0x401efa, 0x401efe,
    0x401f02, 0x401f06, 0x401f0a, 0x401f0e, 0x401f12, 0x401f16, 0x401f1a, 0x401f1e, 0x401f22, 0x401f26, 0x401f2a, 0x401f2e,
    0x401f32, 0x401f36, 0x401f3a, 0x401f3e, 0x401f42, 0x401f46, 0x401f4a, 0x401f4e, 0x401f52, 0x401f56, 0x401f5a, 0x401f5e,
    0x401f62, 0x401f66, 0x401f6a, 0x401f6e, 0x401f72, 0x401f76, 0x401f7a, 0x401f7e, 0x401f82, 0x401f86, 0x401f8a, 0x401f8e,
    0x401f92, 0x401f96, 0x401f9a, 0x401f9e, 0x401fa2, 0x401fa6, 0x401faa, 0x401fae, 0x401fb2, 0x401fb6, 0x401fba, 0x401fbe,
    0x401fc2, 0x401fc6, 0x401fca, 0x401fce, 0x401fd2, 0x401fd6, 0x401fda, 0x401fde, 0x401fe2, 0x401fe6, 0x401fea, 0x401fee,
    0x401ff2, 0x401ff6, 0x401ffa, 0x401ffe, 0x402002, 0x402006, 0x40200a, 0x40200e, 0x402012, 0x402016, 0x40201a, 0x40201e,
    0x402022, 0x402026, 0x40202a, 0x40202e, 0x402032, 0x402036, 0x40203a, 0x40203e, 0x402042, 0x402046, 0x40204a, 0x40204e,
    0x402052, 0x402056, 0x40205a, 0x40205e, 0x402062, 0x402066, 0x40206a, 0x40206e, 0x402072, 0x402076, 0x40207a, 0x40207e,
    0x402082, 0x402086, 0x40208a, 0x40208e, 0x402092, 0x402096, 0x40209a, 0x40209e, 0x4020a2, 0x4020a6, 0x4020aa, 0x4020ae,
    0x4020b2, 0x4020b6, 0x4020ba, 0x4020be, 0x4020c2, 0x4020c6, 0x4020ca, 0x4020ce, 0x4020d2, 0x4020d6, 0x4020da, 0x4020de,
    0x4020e2, 0x4020e6, 0x4020ea, 0x4020ee, 0x4020f2, 0x4020f6, 0x4020fa, 0x4020fe, 0x402102, 0x402106, 0x40210a, 0x40210e,
    0x402112, 0x402116, 0x40211a, 0x40211e, 0x402122, 0x402126, 0x40212a, 0x40212e, 0x402132, 0x402136, 0x40213a, 0x40213e,
    0x402142, 0x402146, 0x40214a, 0x40214e, 0x402152, 0x402156, 0x40215a, 0x40215e, 0x402162, 0x402166, 0x40216a, 0x40216e,
    0x402172, 0x402176, 0x40217a, 0x40217e, 0x402182, 0x402186, 0x40218a, 0x40218e, 0x402192, 0x402196, 0x40219a, 0x40219e,
    0x4021a2, 0x4021a6, 0x4021aa, 0x4021ae, 0x4021b2, 0x4021b6, 0x4021ba, 0x4021be, 0x4021c2, 0x4021c6, 0x4021ca, 0x4021ce,
    0x4021d2, 0x4021d6, 0x4021da, 0x4021de, 0x4021e2, 0x4021e6, 0x4021ea, 0x4021ee, 0x4021f2, 0x4021f6, 0x4021fa, 0x4021fe,
    0x402202, 0x402206, 0x40220a, 0x40220e, 0x402212, 0x402216, 0x40221a, 0x40221e, 0x402222, 0x402226, 0x40222a, 0x40222e,
    0x402232, 0x402236, 0x40223a, 0x40223e, 0x402242, 0x402246, 0x40224a, 0x40224e, 0x402252, 0x402256, 0x40225a, 0x40225e,
    0x402262, 0x402266, 0x40226a, 0x40226e, 0x402272, 0x402276, 0x40227a, 0x40227e, 0x402282, 0x402286, 0x40228a, 0x40228e,
    0x402292, 0x402296, 0x40229a, 0x40229e, 0x4022a2, 0x4022a6, 0x4022aa, 0x4022ae, 0x4022b2, 0x4022b6, 0x4022ba, 0x4022be,
    0x4022c2, 0x4022c6, 0x4022ca, 0x4022ce, 0x4022d2, 0x4022d6, 0x4022da, 0x4022de, 0x4022e2, 0x4022e6, 0x4022ea, 0x4022ee,
    0x4022f2, 0x4022f6, 0x4022fa, 0x4022fe, 0x402302, 0x402306, 0x40230a, 0x40230e, 0x402312, 0x402316, 0x40231a, 0x40231e,
    0x402322, 0x402326, 0x40232a, 0x40232e, 0x402332, 0x402336, 0x40233a, 0x40233e, 0x402342, 0x402346, 0x40234a, 0x40234e,
    0x402352, 0x402356, 0x40235a, 0x40235e, 0x402362, 0x402366, 0x40236a, 0x40236e, 0x402372, 0x402376, 0x40237a, 0x40237e,
    0x402382, 0x402386, 0x40238a, 0x40238e, 0x402392, 0x402396, 0x30239a, 0x30239d, 0x3023a0, 0x3023a3, 0x3023a6, 0x3023a9,
    0x3023ac, 0x3023af, 0x3023b2, 0x3023b5, 0x3023b8, 0x3023bb, 0x3023be, 0x3023c1, 0x3023c4, 0x3023c7, 0x3023ca, 0x3023cd,
    0x3023d0, 0x3023d3, 0x3023d6, 0x3023d9, 0x3023dc, 0x3023df, 0x3023e2, 0x3023e5, 0x3023e8, 0x3023eb, 0x3023ee, 0x3023f1,
    0x3023f4, 0x3023f7, 0x3023fa, 0x3023fd, 0x302400, 0x302403, 0x302406, 0x302409, 0x30240c, 0x30240f, 0x302412, 0x302415,
    0x302418, 0x30241b, 0x30241e, 0x302421, 0x302424, 0x302427, 0x30242a, 0x30242d, 0x302430, 0x302433, 0x302436, 0x302439,
    0x30243c, 0x30243f, 0x302442, 0x302445, 0x302448, 0x30244b, 0x30244e, 0x302451, 0x302454, 0x302457, 0x30245a, 0x30245d,
    0x302460, 0x302463, 0x302466, 0x302469, 0x30246c, 0x30246f, 0x302472, 0x302475, 0x302478, 0x30247b, 0x30247e, 0x302481,
];
#[rustfmt::skip]
pub(super) static SEQUENCE_POINTS: &[u32] = &[
    0xa9, 0xfe0f, 0xae, 0xfe0f, 0x203c, 0xfe0f, 0x2049, 0xfe0f, 0x2122, 0xfe0f, 0x2139, 0xfe0f,
    0x2194, 0xfe0f, 0x2195, 0xfe0f, 0x2196, 0xfe0f, 0x2197, 0xfe0f, 0x2198, 0xfe0f, 0x2199, 0xfe0f,
    0x21a9, 0xfe0f, 0x21aa, 0xfe0f, 0x2328, 0xfe0f, 0x23cf, 0xfe0f, 0x23ed, 0xfe0f, 0x23ee, 0xfe0f,
    0x23ef, 0xfe0f, 0x23f1, 0xfe0f, 0x23f2, 0xfe0f, 0x23f8, 0xfe0f, 0x23f9, 0xfe0f, 0x23fa, 0xfe0f,
    0x24c2, 0xfe0f, 0x25aa, 0xfe0f, 0x25ab, 0xfe0f, 0x25b6, 0xfe0f, 0x25c0, 0xfe0f, 0x25fb, 0xfe0f,
    0x25fc, 0xfe0f, 0x2600, 0xfe0f, 0x2601, 0xfe0f, 0x2602, 0xfe0f, 0x2603, 0xfe0f, 0x2604, 0xfe0f,
    0x260e, 0xfe0f, 0x2611, 0xfe0f, 0x2618, 0xfe0f, 0x261d, 0xfe0f, 0x2620, 0xfe0f, 0x2622, 0xfe0f,
    0x2623, 0xfe0f, 0x2626, 0xfe0f, 0x262a, 0xfe0f, 0x262e, 0xfe0f, 0x262f, 0xfe0f, 0x2638, 0xfe0f,
    0x2639, 0xfe0f, 0x263a, 0xfe0f, 0x2640, 0xfe0f, 0x2642, 0xfe0f, 0x265f, 0xfe0f, 0x2660, 0xfe0f,
    0x2663, 0xfe0f, 0x2665, 0xfe0f, 0x2666, 0xfe0f, 0x2668, 0xfe0f, 0x267b, 0xfe0f, 0x267e, 0xfe0f,
    0x2692, 0xfe0f, 0x2694, 0xfe0f, 0x2695, 0xfe0f, 0x2696, 0xfe0f, 0x2697, 0xfe0f, 0x2699, 0xfe0f,
    0x269b, 0xfe0f, 0x269c, 0xfe0f, 0x26a0, 0xfe0f, 0x26a7, 0xfe0f, 0x26b0, 0xfe0f, 0x26b1, 0xfe0f,
    0x26c8, 0xfe0f, 0x26cf, 0xfe0f, 0x26d1, 0xfe0f, 0x26d3, 0xfe0f, 0x26e9, 0xfe0f, 0x26f0, 0xfe0f,
    0x26f1, 0xfe0f, 0x26f4, 0xfe0f, 0x26f7, 0xfe0f, 0x26f8, 0xfe0f, 0x26f9, 0xfe0f, 0x2702, 0xfe0f,
    0x2708, 0xfe0f, 0x2709, 0xfe0f, 0x270c, 0xfe0f, 0x270d, 0xfe0f, 0x270f, 0xfe0f, 0x2712, 0xfe0f,
    0x2714, 0xfe0f, 0x2716, 0xfe0f, 0x271d, 0xfe0f, 0x2721, 0xfe0f, 0x2733, 0xfe0f, 0x2734, 0xfe0f,
    0x2744, 0xfe0f, 0x2747, 0xfe0f, 0x2763, 0xfe0f, 0x2764, 0xfe0f, 0x27a1, 0xfe0f, 0x2934, 0xfe0f,
    0x2935, 0xfe0f, 0x2b05, 0xfe0f, 0x2b06, 0xfe0f, 0x2b07, 0xfe0f, 0x3030, 0xfe0f, 0x303d, 0xfe0f,
    0x3297, 0xfe0f, 0x3299, 0xfe0f, 0x1f170, 0xfe0f, 0x1f171, 0xfe0f, 0x1f17e, 0xfe0f, 0x1f17f, 0xfe0f,
    0x1f202, 0xfe0f, 0x1f237, 0xfe0f, 0x1f321, 0xfe0f, 0x1f324, 0xfe0f, 0x1f325, 0xfe0f, 0x1f326, 0xfe0f,
    0x1f327, 0xfe0f, 0x1f328, 0xfe0f, 0x1f329, 0xfe0f, 0x1f32a, 0xfe0f, 0x1f32b, 0xfe0f, 0x1f32c, 0xfe0f,
    0x1f336, 0xfe0f, 0x1f37d, 0xfe0f, 0x1f396, 0xfe0f, 0x1f397, 0xfe0f, 0x1f399, 0xfe0f, 0x1f39a, 0xfe0f,
    0x1f39b, 0xfe0f, 0x1f39e, 0xfe0f, 0x1f39f, 0xfe0f, 0x1f3cb, 0xfe0f, 0x1f3cc, 0xfe0f, 0x1f3cd, 0xfe0f,
    0x1f3ce, 0xfe0f, 0x1f3d4, 0xfe0f, 0x1f3d5, 0xfe0f, 0x1f3d6, 0xfe0f, 0x1f3d7, 0xfe0f, 0x1f3d8, 0xfe0f,
    0x1f3d9, 0xfe0f, 0x1f3da, 0xfe0f, 0x1f3db, 0xfe0f, 0x1f3dc, 0xfe0f, 0x1f3dd, 0xfe0f, 0x1f3de, 0xfe0f,
    0x1f3df, 0xfe0f, 0x1f3f3, 0xfe0f, 0x1f3f5, 0xfe0f, 0x1f3f7, 0xfe0f, 0x1f43f, 0xfe0f, 0x1f441, 0xfe0f,
    0x1f4fd, 0xfe0f, 0x1f549, 0xfe0f, 0x1f54a, 0xfe0f, 0x1f56f, 0xfe0f, 0x1f570, 0xfe0f, 0x1f573, 0xfe0f,
    0x1f574, 0xfe0f, 0x1f575, 0xfe0f, 0x1f576, 0xfe0f, 0x1f577, 0xfe0f, 0x1f578, 0xfe0f, 0x1f579, 0xfe0f,
    0x1f587, 0xfe0f, 0x1f58a, 0xfe0f, 0x1f58b, 0xfe0f, 0x1f58c, 0xfe0f, 0x1f58d, 0xfe0f, 0x1f590, 0xfe0f,
    0x1f5a5, 0xfe0f, 0x1f5a8, 0xfe0f, 0x1f5b1, 0xfe0f, 0x1f5b2, 0xfe0f, 0x1f5bc, 0xfe0f, 0x1f5c2, 0xfe0f,
    0x1f5c3, 0xfe0f, 0x1f5c4, 0xfe0f, 0x1f5d1, 0xfe0f, 0x1f5d2, 0xfe0f, 0x1f5d3, 0xfe0f, 0x1f5dc, 0xfe0f,
    0x1f5dd, 0xfe0f, 0x1f5de, 0xfe0f, 0x1f5e1, 0xfe0f, 0x1f5e3, 0xfe0f, 0x1f5e8, 0xfe0f, 0x1f5ef, 0xfe0f,
    0x1f5f3, 0xfe0f, 0x1f5fa, 0xfe0f, 0x1f6cb, 0xfe0f, 0x1f6cd, 0xfe0f, 0x1f6ce, 0xfe0f, 0x1f6cf, 0xfe0f,
    0x1f6e0, 0xfe0f, 0x1f6e1, 0xfe0f, 0x1f6e2, 0xfe0f, 0x1f6e3, 0xfe0f, 0x1f6e4, 0xfe0f, 0x1f6e5, 0xfe0f,
    0x1f6e9, 0xfe0f, 0x1f6f0, 0xfe0f, 0x1f6f3, 0xfe0f, 0x23, 0xfe0f, 0x20e3, 0x2a, 0xfe0f, 0x20e3,
    0x30, 0xfe0f, 0x20e3, 0x31, 0xfe0f, 0x20e3, 0x32, 0xfe0f, 0x20e3, 0x33, 0xfe0f, 0x20e3,
    0x34, 0xfe0f, 0x20e3, 0x35, 0xfe0f, 0x20e3, 0x36, 0xfe0f, 0x20e3, 0x37, 0xfe0f, 0x20e3,
    0x38, 0xfe0f, 0x20e3, 0x39, 0xfe0f, 0x20e3, 0x1f468, 0x1f3fb, 0x200d, 0x2764, 0xfe0f, 0x200d,
    0x1f48b, 0x200d, 0x1f468, 0x1f3fb, 0x1f468, 0x1f3fb, 0x200d, 0x2764, 0xfe0f, 0x200d, 0x1f48b, 0x200d,
    0x1f468, 0x1f3fc, 0x1f468, 0x1f3fb, 0x200d, 0x2764, 0xfe0f, 0x200d, 0x1f48b, 0x200d, 0x1f468, 0x1f3fd,
    0x1f468, 0x1f3fb, 0x200d, 0x2764, 0xfe0f, 0x200d, 0x1f48b, 0x200d, 0x1f468, 0x1f3fe, 0x1f468, 0x1f3fb,
    0x200d, 0x2764, 0xfe0f, 0x200d, 0x1f48b, 0x200d, 0x1f468, 0x1f3ff, 0x1f468, 0x1f3fc, 0x200d, 0x2764,
    0xfe0f, 0x200d, 0x1f48b, 0x200d, 0x1f468, 0x1f3fb, 0x1f468, 0x1f3fc, 0x200d, 0x2764, 0xfe0f, 0x200d,
    0x1f48b, 0x200d, 0x1f468, 0x1f3fc, 0x1f468, 0x1f3fc, 0x200d, 0x2764, 0xfe0f, 0x200d, 0x1f48b, 0x200d,
    0x1f468, 0x1f3fd, 0x1f468, 0x1f3fc, 0x200d, 0x2764, 0xfe0f, 0x200d, 0x1f48b, 0x200d, 0x1f468, 0x1f3fe,
    0x1f468, 0x1f3fc, 0x200d, 0x2764, 0xfe0f, 0x200d, 0x1f48b, 0x200d, 0x1f468, 0x1f3ff, 0x1f468, 0x1f3fd,
    0x200d, 0x2764, 0xfe0f, 0x200d, 0x1f48b, 0x200d, 0x1f468, 0x1f3fb, 0x1f468, 0x1f3fd, 0x200d, 0x2764,
    0xfe0f, 0x200d, 0x1f48b, 0x200d, 0x1f468, 0x1f3fc, 0x1f468, 0x1f3fd, 0x200d, 0x2764, 0xfe0f, 0x200d,
    0x1f48b, 0x200d, 0x1f468, 0x1f3fd, 0x1f468, 0x1f3fd, 0x200d, 0x2764, 0xfe0f, 0x200d, 0x1f48b, 0x200d,
    0x1f468, 0x1f3fe, 0x1f468, 0x1f3fd, 0x200d, 0x2764, 0xfe0f, 0x200d, 0x1f48b, 0x200d, 0x1f468, 0x1f3ff,
    0x1f468, 0x1f3fe, 0x200d, 0x2764, 0xfe0f, 0x200d, 0x1f48b, 0x200d, 0x1f468, 0x1f3fb, 0x1f468, 0x1f3fe,
    0x200d, 0x2764, 0xfe0f, 0x200d, 0x1f48b, 0x200d, 0x1f468, 0x1f3fc, 0x1f468, 0x1f3fe, 0x200d, 0x2764,
    0xfe0f, 0x200d, 0x1f48b, 0x200d, 0x1f468, 0x1f3fd, 0x1f468, 0x1f3fe, 0x200d, 0x2764, 0xfe0f, 0x200d,
    0x1f48b, 0x200d, 0x1f468, 0x1f3fe, 0x1f468, 0x1f3fe, 0x200d, 0x2764, 0xfe0f, 0x200d, 0x1f48b, 0x200d,
    0x1f468, 0x1f3ff, 0x1f468, 0x1f3ff, 0x200d, 0x2764, 0xfe0f, 0x200d, 0x1f48b, 0x200d, 0x1f468, 0x1f3fb,
    0x1f468, 0x1f3ff, 0x200d, 0x2764, 0xfe0f, 0x200d, 0x1f48b, 0x200d, 0x1f468, 0x1f3fc, 0x1f468, 0x1f3ff,
    0x200d, 0x2764, 0xfe0f, 0x200d, 0x1f48b, 0x200d, 0x1f468, 0x1f3fd, 0x1f468, 0x1f3ff, 0x200d, 0x2764,
    0xfe0f, 0x200d, 0x1f48b, 0x200d, 0x1f468, 0x1f3fe, 0x1f468, 0x1f3ff, 0x200d, 0x2764, 0xfe0f, 0x200d,
    0x1f48b, 0x200d, 0x1f468, 0x1f3ff, 0x1f469, 0x1f3fb, 0x200d, 0x2764, 0xfe0f, 0x200d, 0x1f48b, 0x200d,
    0x1f468, 0x1f3fb, 0x1f469, 0x1f3fb, 0x200d, 0x2764, 0xfe0f, 0x200d, 0x1f48b, 0x200d, 0x1f468, 0x1f3fc,
    0x1f469, 0x1f3fb, 0x200d, 0x2764, 0xfe0f, 0x200d, 0x1f48b, 0x200d, 0x1f468, 0x1f3fd, 0x1f469, 0x1f3fb,
    0x200d, 0x2764, 0xfe0f, 0x200d, 0x1f48b, 0x200d, 0x1f468, 0x1f3fe, 0x1f469, 0x1f3fb, 0x200d, 0x2764,
    0xfe0f, 0x200d, 0x1f48b, 0x200d, 0x1f468, 0x1f3ff, 0x1f469, 0x1f3fb, 0x200d, 0x2764, 0xfe0f, 0x200d,
    0x1f48b, 0x200d, 0x1f469, 0x1f3fb, 0x1f469, 0x1f3fb, 0x200d, 0x2764, 0xfe0f, 0x200d, 0x1f48b, 0x200d,
    0x1f469, 0x1f3fc, 0x1f469, 0x1f3fb, 0x200d, 0x2764, 0xfe0f, 0x200d, 0x1f48b, 0x200d, 0x1f469, 0x1f3fd,
    0x1f469, 0x1f3fb, 0x200d, 0x2764, 0xfe0f, 0x200d, 0x1f48b, 0x200d, 0x1f469, 0x1f3fe, 0x1f469, 0x1f3fb,
    0x200d, 0x2764, 0xfe0f, 0x200d, 0x1f48b, 0x200d, 0x1f469, 0x1f3ff, 0x1f469, 0x1f3fc, 0x200d, 0x2764,
    0xfe0f, 0x200d, 0x1f48b, 0x200d, 0x1f468, 0x1f3fb, 0x1f469, 0x1f3fc, 0x200d, 0x2764, 0xfe0f, 0x200d,
    0x1f48b, 0x200d, 0x1f468, 0x1f3fc, 0x1f469, 0x1f3fc, 0x200d, 0x2764, 0xfe0f, 0x200d, 0x1f48b, 0x200d,
    0x1f468, 0x1f3fd, 0x1f469, 0x1f3fc, 0x200d, 0x2764, 0xfe0f, 0x200d, 0x1f48b, 0x200d, 0x1f468, 0x1f3fe,
    0x1f469, 0x1f3fc, 0x200d, 0x2764, 0xfe0f, 0x200d, 0x1f48b, 0x200d, 0x1f468, 0x1f3ff, 0x1f469, 0x1f3fc,
    0x200d, 0x2764, 0xfe0f, 0x200d, 0x1f48b, 0x200d, 0x1f469, 0x1f3fb, 0x1f469, 0x1f3fc, 0x200d, 0x2764,
    0xfe0f, 0x200d, 0x1f48b, 0x200d, 0x1f469, 0x1f3fc, 0x1f469, 0x1f3fc, 0x200d, 0x2764, 0xfe0f, 0x200d,
    0x1f48b, 0x200d, 0x1f469, 0x1f3fd, 0x1f469, 0x1f3fc, 0x200d, 0x2764, 0xfe0f, 0x200d, 0x1f48b, 0x200d,
    0x1f469, 0x1f3fe, 0x1f469, 0x1f3fc, 0x200d, 0x2764, 0xfe0f, 0x200d, 0x1f48b, 0x200d, 0x1f469, 0x1f3ff,
    0x1f469, 0x1f3fd, 0x200d, 0x2764, 0xfe0f, 0x200d, 0x1f48b, 0x200d, 0x1f468, 0x1f3fb, 0x1f469, 0x1f3fd,
    0x200d, 0x2764, 0xfe0f, 0x200d, 0x1f48b, 0x200d, 0x1f468, 0x1f3fc, 0x1f469, 0x1f3fd, 0x200d, 0x2764,
    0xfe0f, 0x200d, 0x1f48b, 0x200d, 0x1f468, 0x1f3fd, 0x1f469, 0x1f3fd, 0x200d, 0x2764, 0xfe0f, 0x200d,
    0x1f48b, 0x200d, 0x1f468, 0x1f3fe, 0x1f469, 0x1f3fd, 0x200d, 0x2764, 0xfe0f, 0x200d, 0x1f48b, 0x200d,
    0x1f468, 0x1f3ff, 0x1f469, 0x1f3fd, 0x200d, 0x2764, 0xfe0f, 0x200d, 0x1f48b, 0x200d, 0x1f469, 0x1f3fb,
    0x1f469, 0x1f3fd, 0x200d, 0x2764, 0xfe0f, 0x200d, 0x1f48b, 0x200d, 0x1f469, 0x1f3fc, 0x1f469, 0x1f3fd,
    0x200d, 0x2764, 0xfe0f, 0x200d, 0x1f48b, 0x200d, 0x1f469, 0x1f3fd, 0x1f469, 0x1f3fd, 0x200d, 0x2764,
    0xfe0f, 0x200d, 0x1f48b, 0x200d, 0x1f469, 0x1f3fe, 0x1f469, 0x1f3fd, 0x200d, 0x2764, 0xfe0f, 0x200d,
    0x1f48b, 0x200d, 0x1f469, 0x1f3ff, 0x1f469, 0x1f3fe, 0x200d, 0x2764, 0xfe0f, 0x200d, 0x1f48b, 0x200d,
    0x1f468, 0x1f3fb, 0x1f469, 0x1f3fe, 0x200d, 0x2764, 0xfe0f, 0x200d, 0x1f48b, 0x200d, 0x1f468, 0x1f3fc,
    0x1f469, 0x1f3fe, 0x200d, 0x2764, 0xfe0f, 0x200d, 0x1f48b, 0x200d, 0x1f468, 0x1f3fd, 0x1f469, 0x1f3fe,
    0x200d, 0x2764, 0xfe0f, 0x200d, 0x1f48b, 0x200d, 0x1f468, 0x1f3fe, 0x1f469, 0x1f3fe, 0x200d, 0x2764,
    0xfe0f, 0x200d, 0x1f48b, 0x200d, 0x1f468, 0x1f3ff, 0x1f469, 0x1f3fe, 0x200d, 0x2764, 0xfe0f, 0x200d,
    0x1f48b, 0x200d, 0x1f469, 0x1f3fb, 0x1f469, 0x1f3fe, 0x200d, 0x2764, 0xfe0f, 0x200d, 0x1f48b, 0x200d,
    0x1f469, 0x1f3fc, 0x1f469, 0x1f3fe, 0x200d, 0x2764, 0xfe0f, 0x200d, 0x1f48b, 0x200d, 0x1f469, 0x1f3fd,
    0x1f469, 0x1f3fe, 0x200d, 0x2764, 0xfe0f, 0x200d, 0x1f48b, 0x200d, 0x1f469, 0x1f3fe, 0x1f469, 0x1f3fe,
    0x200d, 0x2764, 0xfe0f, 0x200d, 0x1f48b, 0x200d, 0x1f469, 0x1f3ff, 0x1f469, 0x1f3ff, 0x200d, 0x2764,
    0xfe0f, 0x200d, 0x1f48b, 0x200d, 0x1f468, 0x1f3fb, 0x1f469, 0x1f3ff, 0x200d, 0x2764, 0xfe0f, 0x200d,
    0x1f48b, 0x200d, 0x1f468, 0x1f3fc, 0x1f469, 0x1f3ff, 0x200d, 0x2764, 0xfe0f, 0x200d, 0x1f48b, 0x200d,
    0x1f468, 0x1f3fd, 0x1f469, 0x1f3ff, 0x200d, 0x2764, 0xfe0f, 0x200d, 0x1f48b, 0x200d, 0x1f468, 0x1f3fe,
    0x1f469, 0x1f3ff, 0x200d, 0x2764, 0xfe0f, 0x200d, 0x1f48b, 0x200d, 0x1f468, 0x1f3ff, 0x1f469, 0x1f3ff,
    0x200d, 0x2764, 0xfe0f, 0x200d, 0x1f48b, 0x200d, 0x1f469, 0x1f3fb, 0x1f469, 0x1f3ff, 0x200d, 0x2764,
    0xfe0f, 0x200d, 0x1f48b, 0x200d, 0x1f469, 0x1f3fc, 0x1f469, 0x1f3ff, 0x200d, 0x2764, 0xfe0f, 0x200d,
    0x1f48b, 0x200d, 0x1f469, 0x1f3fd, 0x1f469, 0x1f3ff, 0x200d, 0x2764, 0xfe0f, 0x200d, 0x1f48b, 0x200d,
    0x1f469, 0x1f3fe, 0x1f469, 0x1f3ff, 0x200d, 0x2764, 0xfe0f, 0x200d, 0x1f48b, 0x200d, 0x1f469, 0x1f3ff,
    0x1f9d1, 0x1f3fb, 0x200d, 0x2764, 0xfe0f, 0x200d, 0x1f48b, 0x200d, 0x1f9d1, 0x1f3fc, 0x1f9d1, 0x1f3fb,
    0x200d, 0x2764, 0xfe0f, 0x200d, 0x1f48b, 0x200d, 0x1f9d1, 0x1f3fd, 0x1f9d1, 0x1f3fb, 0x200d, 0x2764,
    0xfe0f, 0x200d, 0x1f48b, 0x200d, 0x1f9d1, 0x1f3fe, 0x1f9d1, 0x1f3fb, 0x200d, 0x2764, 0xfe0f, 0x200d,
    0x1f48b, 0x200d, 0x1f9d1, 0x1f3ff, 0x1f9d1, 0x1f3fc, 0x200d, 0x2764, 0xfe0f, 0x200d, 0x1f48b, 0x200d,
    0x1f9d1, 0x1f3fb, 0x1f9d1, 0x1f3fc, 0x200d, 0x2764, 0xfe0f, 0x200d, 0x1f48b, 0x200d, 0x1f9d1, 0x1f3fd,
    0x1f9d1, 0x1f3fc, 0x200d, 0x2764, 0xfe0f, 0x200d, 0x1f48b, 0x200d, 0x1f9d1, 0x1f3fe, 0x1f9d1, 0x1f3fc,
    0x200d, 0x2764, 0xfe0f, 0x200d, 0x1f48b, 0x200d, 0x1f9d1, 0x1f3ff, 0x1f9d1, 0x1f3fd, 0x200d, 0x2764,
    0xfe0f, 0x200d, 0x1f48b, 0x200d, 0x1f9d1, 0x1f3fb, 0x1f9d1, 0x1f3fd, 0x200d, 0x2764, 0xfe0f, 0x200d,
    0x1f48b, 0x200d, 0x1f9d1, 0x1f3fc, 0x1f9d1, 0x1f3fd, 0x200d, 0x2764, 0xfe0f, 0x200d, 0x1f48b, 0x200d,
    0x1f9d1, 0x1f3fe, 0x1f9d1, 0x1f3fd, 0x200d, 0x2764, 0xfe0f, 0x200d, 0x1f48b, 0x200d, 0x1f9d1, 0x1f3ff,
    0x1f9d1, 0x1f3fe, 0x200d, 0x2764, 0xfe0f, 0x200d, 0x1f48b, 0x200d, 0x1f9d1, 0x1f3fb, 0x1f9d1, 0x1f3fe,
    0x200d, 0x2764, 0xfe0f, 0x200d, 0x1f48b, 0x200d, 0x1f9d1, 0x1f3fc, 0x1f9d1, 0x1f3fe, 0x200d, 0x2764,
    0xfe0f, 0x200d, 0x1f48b, 0x200d, 0x1f9d1, 0x1f3fd, 0x1f9d1, 0x1f3fe, 0x200d, 0x2764, 0xfe0f, 0x200d,
    0x1f48b, 0x200d, 0x1f9d1, 0x1f3ff, 0x1f9d1, 0x1f3ff, 0x200d, 0x2764, 0xfe0f, 0x200d, 0x1f48b, 0x200d,
    0x1f9d1, 0x1f3fb, 0x1f9d1, 0x1f3ff, 0x200d, 0x2764, 0xfe0f, 0x200d, 0x1f48b, 0x200d, 0x1f9d1, 0x1f3fc,
    0x1f9d1, 0x1f3ff, 0x200d, 0x2764, 0xfe0f, 0x200d, 0x1f48b, 0x200d, 0x1f9d1, 0x1f3fd, 0x1f9d1, 0x1f3ff,
    0x200d, 0x2764, 0xfe0f, 0x200d, 0x1f48b, 0x200d, 0x1f9d1, 0x1f3fe, 0x1f3c3, 0x1f3fb, 0x200d, 0x2640,
    0xfe0f, 0x200d, 0x27a1, 0xfe0f, 0x1f3c3, 0x1f3fb, 0x200d, 0x2642, 0xfe0f, 0x200d, 0x27a1, 0xfe0f,
    0x1f3c3, 0x1f3fc, 0x200d, 0x2640, 0xfe0f, 0x200d, 0x27a1, 0xfe0f, 0x1f3c3, 0x1f3fc, 0x200d, 0x2642,
    0xfe0f, 0x200d, 0x27a1, 0xfe0f, 0x1f3c3, 0x1f3fd, 0x200d, 0x2640, 0xfe0f, 0x200d, 0x27a1, 0xfe0f,
    0x1f3c3, 0x1f3fd, 0x200d, 0x2642, 0xfe0f, 0x200d, 0x27a1, 0xfe0f, 0x1f3c3, 0x1f3fe, 0x200d, 0x2640,
    0xfe0f, 0x200d, 0x27a1, 0xfe0f, 0x1f3c3, 0x1f3fe, 0x200d, 0x2642, 0xfe0f, 0x200d, 0x27a1, 0xfe0f,
    0x1f3c3, 0x1f3ff, 0x200d, 0x2640, 0xfe0f, 0x200d, 0x27a1, 0xfe0f, 0x1f3c3, 0x1f3ff, 0x200d, 0x2642,
    0xfe0f, 0x200d, 0x27a1, 0xfe0f, 0x1f468, 0x200d, 0x2764, 0xfe0f, 0x200d, 0x1f48b, 0x200d, 0x1f468,
    0x1f468, 0x1f3fb, 0x200d, 0x2764, 0xfe0f, 0x200d, 0x1f468, 0x1f3fb, 0x1f468, 0x1f3fb, 0x200d, 0x2764,
    0xfe0f, 0x200d, 0x1f468, 0x1f3fc, 0x1f468, 0x1f3fb, 0x200d, 0x2764, 0xfe0f, 0x200d, 0x1f468, 0x1f3fd,
    0x1f468, 0x1f3fb, 0x200d, 0x2764, 0xfe0f, 0x200d, 0x1f468, 0x1f3fe, 0x1f468, 0x1f3fb, 0x200d, 0x2764,
    0xfe0f, 0x200d, 0x1f468, 0x1f3ff, 0x1f468, 0x1f3fc, 0x200d, 0x2764, 0xfe0f, 0x200d, 0x1f468, 0x1f3fb,
    0x1f468, 0x1f3fc, 0x200d, 0x2764, 0xfe0f, 0x200d, 0x1f468, 0x1f3fc, 0x1f468, 0x1f3fc, 0x200d, 0x2764,
    0xfe0f, 0x200d, 0x1f468, 0x1f3fd, 0x1f468, 0x1f3fc, 0x200d, 0x2764, 0xfe0f, 0x200d, 0x1f468, 0x1f3fe,
    0x1f468, 0x1f3fc, 0x200d, 0x2764, 0xfe0f, 0x200d, 0x1f468, 0x1f3ff, 0x1f468, 0x1f3fd, 0x200d, 0x2764,
    0xfe0f, 0x200d, 0x1f468, 0x1f3fb, 0x1f468, 0x1f3fd, 0x200d, 0x2764, 0xfe0f, 0x200d, 0x1f468, 0x1f3fc,
    0x1f468, 0x1f3fd, 0x200d, 0x2764, 0xfe0f, 0x200d, 0x1f468, 0x1f3fd, 0x1f468, 0x1f3fd, 0x200d, 0x2764,
    0xfe0f, 0x200d, 0x1f468, 0x1f3fe, 0x1f468, 0x1f3fd, 0x200d, 0x2764, 0xfe0f, 0x200d, 0x1f468, 0x1f3ff,
    0x1f468, 0x1f3fe, 0x200d, 0x2764, 0xfe0f, 0x200d, 0x1f468, 0x1f3fb, 0x1f468, 0x1f3fe, 0x200d, 0x2764,
    0xfe0f, 0x200d, 0x1f468, 0x1f3fc, 0x1f468, 0x1f3fe, 0x200d, 0x2764, 0xfe0f, 0x200d, 0x1f468, 0x1f3fd,
    0x1f468, 0x1f3fe, 0x200d, 0x2764, 0xfe0f, 0x200d, 0x1f468, 0x1f3fe, 0x1f468, 0x1f3fe, 0x200d, 0x2764,
    0xfe0f, 0x200d, 0x1f468, 0x1f3ff, 0x1f468, 0x1f3ff, 0x200d, 0x2764, 0xfe0f, 0x200d, 0x1f468, 0x1f3fb,
    0x1f468, 0x1f3ff, 0x200d, 0x2764, 0xfe0f, 0x200d, 0x1f468, 0x1f3fc, 0x1f468, 0x1f3ff, 0x200d, 0x2764,
    0xfe0f, 0x200d, 0x1f468, 0x1f3fd, 0x1f468, 0x1f3ff, 0x200d, 0x2764, 0xfe0f, 0x200d, 0x1f468, 0x1f3fe,
    0x1f468, 0x1f3ff, 0x200d, 0x2764, 0xfe0f, 0x200d, 0x1f468, 0x1f3ff, 0x1f469, 0x200d, 0x2764, 0xfe0f,
    0x200d, 0x1f48b, 0x200d, 0x1f468, 0x1f469, 0x200d, 0x2764, 0xfe0f, 0x200d, 0x1f48b, 0x200d, 0x1f469,
    0x1f469, 0x1f3fb, 0x200d, 0x2764, 0xfe0f, 0x200d, 0x1f468, 0x1f3fb, 0x1f469, 0x1f3fb, 0x200d, 0x2764,
    0xfe0f, 0x200d, 0x1f468, 0x1f3fc, 0x1f469, 0x1f3fb, 0x200d, 0x2764, 0xfe0f, 0x200d, 0x1f468, 0x1f3fd,
    0x1f469, 0x1f3fb, 0x200d, 0x2764, 0xfe0f, 0x200d, 0x1f468, 0x1f3fe, 0x1f469, 0x1f3fb, 0x200d, 0x2764,
    0xfe0f, 0x200d, 0x1f468, 0x1f3ff, 0x1f469, 0x1f3fb, 0x200d, 0x2764, 0xfe0f, 0x200d, 0x1f469, 0x1f3fb,
    0x1f469, 0x1f3fb, 0x200d, 0x2764, 0xfe0f, 0x200d, 0x1f469, 0x1f3fc, 0x1f469, 0x1f3fb, 0x200d, 0x2764,
    0xfe0f, 0x200d, 0x1f469, 0x1f3fd, 0x1f469, 0x1f3fb, 0x200d, 0x2764, 0xfe0f, 0x200d, 0x1f469, 0x1f3fe,
    0x1f469, 0x1f3fb, 0x200d, 0x2764, 0xfe0f, 0x200d, 0x1f469, 0x1f3ff, 0x1f469, 0x1f3fc, 0x200d, 0x2764,
    0xfe0f, 0x200d, 0x1f468, 0x1f3fb, 0x1f469, 0x1f3fc, 0x200d, 0x2764, 0xfe0f, 0x200d, 0x1f468, 0x1f3fc,
    0x1f469, 0x1f3fc, 0x200d, 0x2764, 0xfe0f, 0x200d, 0x1f468, 0x1f3fd, 0x1f469, 0x1f3fc, 0x200d, 0x2764,
    0xfe0f, 0x200d, 0x1f468, 0x1f3fe, 0x1f469, 0x1f3fc, 0x200d, 0x2764, 0xfe0f, 0x200d, 0x1f468, 0x1f3ff,
    0x1f469, 0x1f3fc, 0x200d, 0x2764, 0xfe0f, 0x200d, 0x1f469, 0x1f3fb, 0x1f469, 0x1f3fc, 0x200d, 0x2764,
    0xfe0f, 0x200d, 0x1f469, 0x1f3fc, 0x1f469, 0x1f3fc, 0x200d, 0x2764, 0xfe0f, 0x200d, 0x1f469, 0x1f3fd,
    0x1f469, 0x1f3fc, 0x200d, 0x2764, 0xfe0f, 0x200d, 0x1f469, 0x1f3fe, 0x1f469, 0x1f3fc, 0x200d, 0x2764,
    0xfe0f, 0x200d, 0x1f469, 0x1f3ff, 0x1f469, 0x1f3fd, 0x200d, 0x2764, 0xfe0f, 0x200d, 0x1f468, 0x1f3fb,
    0x1f469, 0x1f3fd, 0x200d, 0x2764, 0xfe0f, 0x200d, 0x1f468, 0x1f3fc, 0x1f469, 0x1f3fd, 0x200d, 0x2764,
    0xfe0f, 0x200d, 0x1f468, 0x1f3fd, 0x1f469, 0x1f3fd, 0x200d, 0x2764, 0xfe0f, 0x200d, 0x1f468, 0x1f3fe,
    0x1f469, 0x1f3fd, 0x200d, 0x2764, 0xfe0f, 0x200d, 0x1f468, 0x1f3ff, 0x1f469, 0x1f3fd, 0x200d, 0x2764,
    0xfe0f, 0x200d, 0x1f469, 0x1f3fb, 0x1f469, 0x1f3fd, 0x200d, 0x2764, 0xfe0f, 0x200d, 0x1f469, 0x1f3fc,
    0x1f469, 0x1f3fd, 0x200d, 0x2764, 0xfe0f, 0x200d, 0x1f469, 0x1f3fd, 0x1f469, 0x1f3fd, 0x200d, 0x2764,
    0xfe0f, 0x200d, 0x1f469, 0x1f3fe, 0x1f469, 0x1f3fd, 0x200d, 0x2764, 0xfe0f, 0x200d, 0x1f469, 0x1f3ff,
    0x1f469, 0x1f3fe, 0x200d, 0x2764, 0xfe0f, 0x200d, 0x1f468, 0x1f3fb, 0x1f469, 0x1f3fe, 0x200d, 0x2764,
    0xfe0f, 0x200d, 0x1f468, 0x1f3fc, 0x1f469, 0x1f3fe, 0x200d, 0x2764, 0xfe0f, 0x200d, 0x1f468, 0x1f3fd,
    0x1f469, 0x1f3fe, 0x200d, 0x2764, 0xfe0f, 0x200d, 0x1f468, 0x1f3fe, 0x1f469, 0x1f3fe, 0x200d, 0x2764,
    0xfe0f, 0x200d, 0x1f468, 0x1f3ff, 0x1f469, 0x1f3fe, 0x200d, 0x2764, 0xfe0f, 0x200d, 0x1f469, 0x1f3fb,
    0x1f469, 0x1f3fe, 0x200d, 0x2764, 0xfe0f, 0x200d, 0x1f469, 0x1f3fc, 0x1f469, 0x1f3fe, 0x200d, 0x2764,
    0xfe0f, 0x200d, 0x1f469, 0x1f3fd, 0x1f469, 0x1f3fe, 0x200d, 0x2764, 0xfe0f, 0x200d, 0x1f469, 0x1f3fe,
    0x1f469, 0x1f3fe, 0x200d, 0x2764, 0xfe0f, 0x200d, 0x1f469, 0x1f3ff, 0x1f469, 0x1f3ff, 0x200d, 0x2764,
    0xfe0f, 0x200d, 0x1f468, 0x1f3fb, 0x1f469, 0x1f3ff, 0x200d, 0x2764, 0xfe0f, 0x200d, 0x1f468, 0x1f3fc,
    0x1f469, 0x1f3ff, 0x200d, 0x2764, 0xfe0f, 0x200d, 0x1f468, 0x1f3fd, 0x1f469, 0x1f3ff, 0x200d, 0x2764,
    0xfe0f, 0x200d, 0x1f468, 0x1f3fe, 0x1f469, 0x1f3ff, 0x200d, 0x2764, 0xfe0f, 0x200d, 0x1f468, 0x1f3ff,
    0x1f469, 0x1f3ff, 0x200d, 0x2764, 0xfe0f, 0x200d, 0x1f469, 0x1f3fb, 0x1f469, 0x1f3ff, 0x200d, 0x2764,
    0xfe0f, 0x200d, 0x1f469, 0x1f3fc, 0x1f469, 0x1f3ff, 0x200d, 0x2764, 0xfe0f, 0x200d, 0x1f469, 0x1f3fd,
    0x1f469, 0x1f3ff, 0x200d, 0x2764, 0xfe0f, 0x200d, 0x1f469, 0x1f3fe, 0x1f469, 0x1f3ff, 0x200d, 0x2764,
    0xfe0f, 0x200d, 0x1f469, 0x1f3ff, 0x1f6b6, 0x1f3fb, 0x200d, 0x2640, 0xfe0f, 0x200d, 0x27a1, 0xfe0f,
    0x1f6b6, 0x1f3fb, 0x200d, 0x2642, 0xfe0f, 0x200d, 0x27a1, 0xfe0f, 0x1f6b6, 0x1f3fc, 0x200d, 0x2640,
    0xfe0f, 0x200d, 0x27a1, 0xfe0f, 0x1f6b6, 0x1f3fc, 0x200d, 0x2642, 0xfe0f, 0x200d, 0x27a1, 0xfe0f,
    0x1f6b6, 0x1f3fd, 0x200d, 0x2640, 0xfe0f, 0x200d, 0x27a1, 0xfe0f, 0x1f6b6, 0x1f3fd, 0x200d, 0x2642,
    0xfe0f, 0x200d, 0x27a1, 0xfe0f, 0x1f6b6, 0x1f3fe, 0x200d, 0x2640, 0xfe0f, 0x200d, 0x27a1, 0xfe0f,
    0x1f6b6, 0x1f3fe, 0x200d, 0x2642, 0xfe0f, 0x200d, 0x27a1, 0xfe0f, 0x1f6b6, 0x1f3ff, 0x200d, 0x2640,
    0xfe0f, 0x200d, 0x27a1, 0xfe0f, 0x1f6b6, 0x1f3ff, 0x200d, 0x2642, 0xfe0f, 0x200d, 0x27a1, 0xfe0f,
    0x1f9ce, 0x1f3fb, 0x200d, 0x2640, 0xfe0f, 0x200d, 0x27a1, 0xfe0f, 0x1f9ce, 0x1f3fb, 0x200d, 0x2642,
    0xfe0f, 0x200d, 0x27a1, 0xfe0f, 0x1f9ce, 0x1f3fc, 0x200d, 0x2640, 0xfe0f, 0x200d, 0x27a1, 0xfe0f,
    0x1f9ce, 0x1f3fc, 0x200d, 0x2642, 0xfe0f, 0x200d, 0x27a1, 0xfe0f, 0x1f9ce, 0x1f3fd, 0x200d, 0x2640,
    0xfe0f, 0x200d, 0x27a1, 0xfe0f, 0x1f9ce, 0x1f3fd, 0x200d, 0x2642, 0xfe0f, 0x200d, 0x27a1, 0xfe0f,
    0x1f9ce, 0x1f3fe, 0x200d, 0x2640, 0xfe0f, 0x200d, 0x27a1, 0xfe0f, 0x1f9ce, 0x1f3fe, 0x200d, 0x2642,
    0xfe0f, 0x200d, 0x27a1, 0xfe0f, 0x1f9ce, 0x1f3ff, 0x200d, 0x2640, 0xfe0f, 0x200d, 0x27a1, 0xfe0f,
    0x1f9ce, 0x1f3ff, 0x200d, 0x2642, 0xfe0f, 0x200d, 0x27a1, 0xfe0f, 0x1f9d1, 0x1f3fb, 0x200d, 0x2764,
    0xfe0f, 0x200d, 0x1f9d1, 0x1f3fc, 0x1f9d1, 0x1f3fb, 0x200d, 0x2764, 0xfe0f, 0x200d, 0x1f9d1, 0x1f3fd,
    0x1f9d1, 0x1f3fb, 0x200d, 0x2764, 0xfe0f, 0x200d, 0x1f9d1, 0x1f3fe, 0x1f9d1, 0x1f3fb, 0x200d, 0x2764,
    0xfe0f, 0x200d, 0x1f9d1, 0x1f3ff, 0x1f9d1, 0x1f3fc, 0x200d, 0x2764, 0xfe0f, 0x200d, 0x1f9d1, 0x1f3fb,
    0x1f9d1, 0x1f3fc, 0x200d, 0x2764, 0xfe0f, 0x200d, 0x1f9d1, 0x1f3fd, 0x1f9d1, 0x1f3fc, 0x200d, 0x2764,
    0xfe0f, 0x200d, 0x1f9d1, 0x1f3fe, 0x1f9d1, 0x1f3fc, 0x200d, 0x2764, 0xfe0f, 0x200d, 0x1f9d1, 0x1f3ff,
    0x1f9d1, 0x1f3fd, 0x200d, 0x2764, 0xfe0f, 0x200d, 0x1f9d1, 0x1f3fb, 0x1f9d1, 0x1f3fd, 0x200d, 0x2764,
    0xfe0f, 0x200d, 0x1f9d1, 0x1f3fc, 0x1f9d1, 0x1f3fd, 0x200d, 0x2764, 0xfe0f, 0x200d, 0x1f9d1, 0x1f3fe,
    0x1f9d1, 0x1f3fd, 0x200d, 0x2764, 0xfe0f, 0x200d, 0x1f9d1, 0x1f3ff, 0x1f9d1, 0x1f3fe, 0x200d, 0x2764,
    0xfe0f, 0x200d, 0x1f9d1, 0x1f3fb, 0x1f9d1, 0x1f3fe, 0x200d, 0x2764, 0xfe0f, 0x200d, 0x1f9d1, 0x1f3fc,
    0x1f9d1, 0x1f3fe, 0x200d, 0x2764, 0xfe0f, 0x200d, 0x1f9d1, 0x1f3fd, 0x1f9d1, 0x1f3fe, 0x200d, 0x2764,
    0xfe0f, 0x200d, 0x1f9d1, 0x1f3ff, 0x1f9d1, 0x1f3ff, 0x200d, 0x2764, 0xfe0f, 0x200d, 0x1f9d1, 0x1f3fb,
    0x1f9d1, 0x1f3ff, 0x200d, 0x2764, 0xfe0f, 0x200d, 0x1f9d1, 0x1f3fc, 0x1f9d1, 0x1f3ff, 0x200d, 0x2764,
    0xfe0f, 0x200d, 0x1f9d1, 0x1f3fd, 0x1f9d1, 0x1f3ff, 0x200d, 0x2764, 0xfe0f, 0x200d, 0x1f9d1, 0x1f3fe,
    0x1f3c3, 0x200d, 0x2640, 0xfe0f, 0x200d, 0x27a1, 0xfe0f, 0x1f3c3, 0x200d, 0x2642, 0xfe0f, 0x200d,
    0x27a1, 0xfe0f, 0x1f3f4, 0xe0067, 0xe0062, 0xe0065, 0xe006e, 0xe0067, 0xe007f, 0x1f3f4, 0xe0067, 0xe0062,
    0xe0073, 0xe0063, 0xe0074, 0xe007f, 0x1f3f4, 0xe0067, 0xe0062, 0xe0077, 0xe006c, 0xe0073, 0xe007f, 0x1f468,
    0x200d, 0x1f468, 0x200d, 0x1f466, 0x200d, 0x1f466, 0x1f468, 0x200d, 0x1f468, 0x200d, 0x1f467, 0x200d,
    0x1f466, 0x1f468, 0x200d, 0x1f468, 0x200d, 0x1f467, 0x200d, 0x1f467, 0x1f468, 0x200d, 0x1f469, 0x200d,
    0x1f466, 0x200d, 0x1f466, 0x1f468, 0x200d, 0x1f469, 0x200d, 0x1f467, 0x200d, 0x1f466, 0x1f468, 0x200d,
    0x1f469, 0x200d, 0x1f467, 0x200d, 0x1f467, 0x1f468, 0x1f3fb, 0x200d, 0x1f430, 0x200d, 0x1f468, 0x1f3fc,
    0x1f468, 0x1f3fb, 0x200d, 0x1f430, 0x200d, 0x1f468, 0x1f3fd, 0x1f468, 0x1f3fb, 0x200d, 0x1f430, 0x200d,
    0x1f468, 0x1f3fe, 0x1f468, 0x1f3fb, 0x200d, 0x1f430, 0x200d, 0x1f468, 0x1f3ff, 0x1f468, 0x1f3fb, 0x200d,
    0x1f91d, 0x200d, 0x1f468, 0x1f3fc, 0x1f468, 0x1f3fb, 0x200d, 0x1f91d, 0x200d, 0x1f468, 0x1f3fd, 0x1f468,
    0x1f3fb, 0x200d, 0x1f91d, 0x200d, 0x1f468, 0x1f3fe, 0x1f468, 0x1f3fb, 0x200d, 0x1f91d, 0x200d, 0x1f468,
    0x1f3ff, 0x1f468, 0x1f3fb, 0x200d, 0x1f9af, 0x200d, 0x27a1, 0xfe0f, 0x1f468, 0x1f3fb, 0x200d, 0x1f9bc,
    0x200d, 0x27a1, 0xfe0f, 0x1f468, 0x1f3fb, 0x200d, 0x1f9bd, 0x200d, 0x27a1, 0xfe0f, 0x1f468, 0x1f3fb,
    0x200d, 0x1faef, 0x200d, 0x1f468, 0x1f3fc, 0x1f468, 0x1f3fb, 0x200d, 0x1faef, 0x200d, 0x1f468, 0x1f3fd,
    0x1f468, 0x1f3fb, 0x200d, 0x1faef, 0x200d, 0x1f468, 0x1f3fe, 0x1f468, 0x1f3fb, 0x200d, 0x1faef, 0x200d,
    0x1f468, 0x1f3ff, 0x1f468, 0x1f3fc, 0x200d, 0x1f430, 0x200d, 0x1f468, 0x1f3fb, 0x1f468, 0x1f3fc, 0x200d,
    0x1f430, 0x200d, 0x1f468, 0x1f3fd, 0x1f468, 0x1f3fc, 0x200d, 0x1f430, 0x200d, 0x1f468, 0x1f3fe, 0x1f468,
    0x1f3fc, 0x200d, 0x1f430, 0x200d, 0x1f468, 0x1f3ff, 0x1f468, 0x1f3fc, 0x200d, 0x1f91d, 0x200d, 0x1f468,
    0x1f3fb, 0x1f468, 0x1f3fc, 0x200d, 0x1f91d, 0x200d, 0x1f468, 0x1f3fd, 0x1f468, 0x1f3fc, 0x200d, 0x1f91d,
    0x200d, 0x1f468, 0x1f3fe, 0x1f468, 0x1f3fc, 0x200d, 0x1f91d, 0x200d, 0x1f468, 0x1f3ff, 0x1f468, 0x1f3fc,
    0x200d, 0x1f9af, 0x200d, 0x27a1, 0xfe0f, 0x1f468, 0x1f3fc, 0x200d, 0x1f9bc, 0x200d, 0x27a1, 0xfe0f,
    0x1f468, 0x1f3fc, 0x200d, 0x1f9bd, 0x200d, 0x27a1, 0xfe0f, 0x1f468, 0x1f3fc, 0x200d, 0x1faef, 0x200d,
    0x1f468, 0x1f3fb, 0x1f468, 0x1f3fc, 0x200d, 0x1faef, 0x200d, 0x1f468, 0x1f3fd, 0x1f468, 0x1f3fc, 0x200d,
    0x1faef, 0x200d, 0x1f468, 0x1f3fe, 0x1f468, 0x1f3fc, 0x200d, 0x1faef, 0x200d, 0x1f468, 0x1f3ff, 0x1f468,
    0x1f3fd, 0x200d, 0x1f430, 0x200d, 0x1f468, 0x1f3fb, 0x1f468, 0x1f3fd, 0x200d, 0x1f430, 0x200d, 0x1f468,
    0x1f3fc, 0x1f468, 0x1f3fd, 0x200d, 0x1f430, 0x200d, 0x1f468, 0x1f3fe, 0x1f468, 0x1f3fd, 0x200d, 0x1f430,
    0x200d, 0x1f468, 0x1f3ff, 0x1f468, 0x1f3fd, 0x200d, 0x1f91d, 0x200d, 0x1f468, 0x1f3fb, 0x1f468, 0x1f3fd,
    0x200d, 0x1f91d, 0x200d, 0x1f468, 0x1f3fc, 0x1f468, 0x1f3fd, 0x200d, 0x1f91d, 0x200d, 0x1f468, 0x1f3fe,
    0x1f468, 0x1f3fd, 0x200d, 0x1f91d, 0x200d, 0x1f468, 0x1f3ff, 0x1f468, 0x1f3fd, 0x200d, 0x1f9af, 0x200d,
    0x27a1, 0xfe0f, 0x1f468, 0x1f3fd, 0x200d, 0x1f9bc, 0x200d, 0x27a1, 0xfe0f, 0x1f468, 0x1f3fd, 0x200d,
    0x1f9bd, 0x200d, 0x27a1, 0xfe0f, 0x1f468, 0x1f3fd, 0x200d, 0x1faef, 0x200d, 0x1f468, 0x1f3fb, 0x1f468,
    0x1f3fd, 0x200d, 0x1faef, 0x200d, 0x1f468, 0x1f3fc, 0x1f468, 0x1f3fd, 0x200d, 0x1faef, 0x200d, 0x1f468,
    0x1f3fe, 0x1f468, 0x1f3fd, 0x200d, 0x1faef, 0x200d, 0x1f468, 0x1f3ff, 0x1f468, 0x1f3fe, 0x200d, 0x1f430,
    0x200d, 0x1f468, 0x1f3fb, 0x1f468, 0x1f3fe, 0x200d, 0x1f430, 0x200d, 0x1f468, 0x1f3fc, 0x1f468, 0x1f3fe,
    0x200d, 0x1f430, 0x200d, 0x1f468, 0x1f3fd, 0x1f468, 0x1f3fe, 0x200d, 0x1f430, 0x200d, 0x1f468, 0x1f3ff,
    0x1f468, 0x1f3fe, 0x200d, 0x1f91d, 0x200d, 0x1f468, 0x1f3fb, 0x1f468, 0x1f3fe, 0x200d, 0x1f91d, 0x200d,
    0x1f468, 0x1f3fc, 0x1f468, 0x1f3fe, 0x200d, 0x1f91d, 0x200d, 0x1f468, 0x1f3fd, 0x1f468, 0x1f3fe, 0x200d,
    0x1f91d, 0x200d, 0x1f468, 0x1f3ff, 0x1f468, 0x1f3fe, 0x200d, 0x1f9af, 0x200d, 0x27a1, 0xfe0f, 0x1f468,
    0x1f3fe, 0x200d, 0x1f9bc, 0x200d, 0x27a1, 0xfe0f, 0x1f468, 0x1f3fe, 0x200d, 0x1f9bd, 0x200d, 0x27a1,
    0xfe0f, 0x1f468, 0x1f3fe, 0x200d, 0x1faef, 0x200d, 0x1f468, 0x1f3fb, 0x1f468, 0x1f3fe, 0x200d, 0x1faef,
    0x200d, 0x1f468, 0x1f3fc, 0x1f468, 0x1f3fe, 0x200d, 0x1faef, 0x200d, 0x1f468, 0x1f3fd, 0x1f468, 0x1f3fe,
    0x200d, 0x1faef, 0x200d, 0x1f468, 0x1f3ff, 0x1f468, 0x1f3ff, 0x200d, 0x1f430, 0x200d, 0x1f468, 0x1f3fb,
    0x1f468, 0x1f3ff, 0x200d, 0x1f430, 0x200d, 0x1f468, 0x1f3fc, 0x1f468, 0x1f3ff, 0x200d, 0x1f430, 0x200d,
    0x1f468, 0x1f3fd, 0x1f468, 0x1f3ff, 0x200d, 0x1f430, 0x200d, 0x1f468, 0x1f3fe, 0x1f468, 0x1f3ff, 0x200d,
    0x1f91d, 0x200d, 0x1f468, 0x1f3fb, 0x1f468, 0x1f3ff, 0x200d, 0x1f91d, 0x200d, 0x1f468, 0x1f3fc, 0x1f468,
    0x1f3ff, 0x200d, 0x1f91d, 0x200d, 0x1f468, 0x1f3fd, 0x1f468, 0x1f3ff, 0x200d, 0x1f91d, 0x200d, 0x1f468,
    0x1f3fe, 0x1f468, 0x1f3ff, 0x200d, 0x1f9af, 0x200d, 0x27a1, 0xfe0f, 0x1f468, 0x1f3ff, 0x200d, 0x1f9bc,
    0x200d, 0x27a1, 0xfe0f, 0x1f468, 0x1f3ff, 0x200d, 0x1f9bd, 0x200d, 0x27a1, 0xfe0f, 0x1f468, 0x1f3ff,
    0x200d, 0x1faef, 0x200d, 0x1f468, 0x1f3fb, 0x1f468, 0x1f3ff, 0x200d, 0x1faef, 0x200d, 0x1f468, 0x1f3fc,
    0x1f468, 0x1f3ff, 0x200d, 0x1faef, 0x200d, 0x1f468, 0x1f3fd, 0x1f468, 0x1f3ff, 0x200d, 0x1faef, 0x200d,
    0x1f468, 0x1f3fe, 0x1f469, 0x200d, 0x1f469, 0x200d, 0x1f466, 0x200d, 0x1f466, 0x1f469, 0x200d, 0x1f469,
    0x200d, 0x1f467, 0x200d, 0x1f466, 0x1f469, 0x200d, 0x1f469, 0x200d, 0x1f467, 0x200d, 0x1f467, 0x1f469,
    0x1f3fb, 0x200d, 0x1f430, 0x200d, 0x1f469, 0x1f3fc, 0x1f469, 0x1f3fb, 0x200d, 0x1f430, 0x200d, 0x1f469,
    0x1f3fd, 0x1f469, 0x1f3fb, 0x200d, 0x1f430, 0x200d, 0x1f469, 0x1f3fe, 0x1f469, 0x1f3fb, 0x200d, 0x1f430,
    0x200d, 0x1f469, 0x1f3ff, 0x1f469, 0x1f3fb, 0x200d, 0x1f91d, 0x200d, 0x1f468, 0x1f3fc, 0x1f469, 0x1f3fb,
    0x200d, 0x1f91d, 0x200d, 0x1f468, 0x1f3fd, 0x1f469, 0x1f3fb, 0x200d, 0x1f91d, 0x200d, 0x1f468, 0x1f3fe,
    0x1f469, 0x1f3fb, 0x200d, 0x1f91d, 0x200d, 0x1f468, 0x1f3ff, 0x1f469, 0x1f3fb, 0x200d, 0x1f91d, 0x200d,
    0x1f469, 0x1f3fc, 0x1f469, 0x1f3fb, 0x200d, 0x1f91d, 0x200d, 0x1f469, 0x1f3fd, 0x1f469, 0x1f3fb, 0x200d,
    0x1f91d, 0x200d, 0x1f469, 0x1f3fe, 0x1f469, 0x1f3fb, 0x200d, 0x1f91d, 0x200d, 0x1f469, 0x1f3ff, 0x1f469,
    0x1f3fb, 0x200d, 0x1f9af, 0x200d, 0x27a1, 0xfe0f, 0x1f469, 0x1f3fb, 0x200d, 0x1f9bc, 0x200d, 0x27a1,
    0xfe0f, 0x1f469, 0x1f3fb, 0x200d, 0x1f9bd, 0x200d, 0x27a1, 0xfe0f, 0x1f469, 0x1f3fb, 0x200d, 0x1faef,
    0x200d, 0x1f469, 0x1f3fc, 0x1f469, 0x1f3fb, 0x200d, 0x1faef, 0x200d, 0x1f469, 0x1f3fd, 0x1f469, 0x1f3fb,
    0x200d, 0x1faef, 0x200d, 0x1f469, 0x1f3fe, 0x1f469, 0x1f3fb, 0x200d, 0x1faef, 0x200d, 0x1f469, 0x1f3ff,
    0x1f469, 0x1f3fc, 0x200d, 0x1f430, 0x200d, 0x1f469, 0x1f3fb, 0x1f469, 0x1f3fc, 0x200d, 0x1f430, 0x200d,
    0x1f469, 0x1f3fd, 0x1f469, 0x1f3fc, 0x200d, 0x1f430, 0x200d, 0x1f469, 0x1f3fe, 0x1f469, 0x1f3fc, 0x200d,
    0x1f430, 0x200d, 0x1f469, 0x1f3ff, 0x1f469, 0x1f3fc, 0x200d, 0x1f91d, 0x200d, 0x1f468, 0x1f3fb, 0x1f469,
    0x1f3fc, 0x200d, 0x1f91d, 0x200d, 0x1f468, 0x1f3fd, 0x1f469, 0x1f3fc, 0x200d, 0x1f91d, 0x200d, 0x1f468,
    0x1f3fe, 0x1f469, 0x1f3fc, 0x200d, 0x1f91d, 0x200d, 0x1f468, 0x1f3ff, 0x1f469, 0x1f3fc, 0x200d, 0x1f91d,
    0x200d, 0x1f469, 0x1f3fb, 0x1f469, 0x1f3fc, 0x200d, 0x1f91d, 0x200d, 0x1f469, 0x1f3fd, 0x1f469, 0x1f3fc,
    0x200d, 0x1f91d, 0x200d, 0x1f469, 0x1f3fe, 0x1f469, 0x1f3fc, 0x200d, 0x1f91d, 0x200d, 0x1f469, 0x1f3ff,
    0x1f469, 0x1f3fc, 0x200d, 0x1f9af, 0x200d, 0x27a1, 0xfe0f, 0x1f469, 0x1f3fc, 0x200d, 0x1f9bc, 0x200d,
    0x27a1, 0xfe0f, 0x1f469, 0x1f3fc, 0x200d, 0x1f9bd, 0x200d, 0x27a1, 0xfe0f, 0x1f469, 0x1f3fc, 0x200d,
    0x1faef, 0x200d, 0x1f469, 0x1f3fb, 0x1f469, 0x1f3fc, 0x200d, 0x1faef, 0x200d, 0x1f469, 0x1f3fd, 0x1f469,
    0x1f3fc, 0x200d, 0x1faef, 0x200d, 0x1f469, 0x1f3fe, 0x1f469, 0x1f3fc, 0x200d, 0x1faef, 0x200d, 0x1f469,
    0x1f3ff, 0x1f469, 0x1f3fd, 0x200d, 0x1f430, 0x200d, 0x1f469, 0x1f3fb, 0x1f469, 0x1f3fd, 0x200d, 0x1f430,
    0x200d, 0x1f469, 0x1f3fc, 0x1f469, 0x1f3fd, 0x200d, 0x1f430, 0x200d, 0x1f469, 0x1f3fe, 0x1f469, 0x1f3fd,
    0x200d, 0x1f430, 0x200d, 0x1f469, 0x1f3ff, 0x1f469, 0x1f3fd, 0x200d, 0x1f91d, 0x200d, 0x1f468, 0x1f3fb,
    0x1f469, 0x1f3fd, 0x200d, 0x1f91d, 0x200d, 0x1f468, 0x1f3fc, 0x1f469, 0x1f3fd, 0x200d, 0x1f91d, 0x200d,
    0x1f468, 0x1f3fe, 0x1f469, 0x1f3fd, 0x200d, 0x1f91d, 0x200d, 0x1f468, 0x1f3ff, 0x1f469, 0x1f3fd, 0x200d,
    0x1f91d, 0x200d, 0x1f469, 0x1f3fb, 0x1f469, 0x1f3fd, 0x200d, 0x1f91d, 0x200d, 0x1f469, 0x1f3fc, 0x1f469,
    0x1f3fd, 0x200d, 0x1f91d, 0x200d, 0x1f469, 0x1f3fe, 0x1f469, 0x1f3fd, 0x200d, 0x1f91d, 0x200d, 0x1f469,
    0x1f3ff, 0x1f469, 0x1f3fd, 0x200d, 0x1f9af, 0x200d, 0x27a1, 0xfe0f, 0x1f469, 0x1f3fd, 0x200d, 0x1f9bc,
    0x200d, 0x27a1, 0xfe0f, 0x1f469, 0x1f3fd, 0x200d, 0x1f9bd, 0x200d, 0x27a1, 0xfe0f, 0x1f469, 0x1f3fd,
    0x200d, 0x1faef, 0x200d, 0x1f469, 0x1f3fb, 0x1f469, 0x1f3fd, 0x200d, 0x1faef, 0x200d, 0x1f469, 0x1f3fc,
    0x1f469, 0x1f3fd, 0x200d, 0x1faef, 0x200d, 0x1f469, 0x1f3fe, 0x1f469, 0x1f3fd, 0x200d, 0x1faef, 0x200d,
    0x1f469, 0x1f3ff, 0x1f469, 0x1f3fe, 0x200d, 0x1f430, 0x200d, 0x1f469, 0x1f3fb, 0x1f469, 0x1f3fe, 0x200d,
    0x1f430, 0x200d, 0x1f469, 0x1f3fc, 0x1f469, 0x1f3fe, 0x200d, 0x1f430, 0x200d, 0x1f469, 0x1f3fd, 0x1f469,
    0x1f3fe, 0x200d, 0x1f430, 0x200d, 0x1f469, 0x1f3ff, 0x1f469, 0x1f3fe, 0x200d, 0x1f91d, 0x200d, 0x1f468,
    0x1f3fb, 0x1f469, 0x1f3fe, 0x200d, 0x1f91d, 0x200d, 0x1f468, 0x1f3fc, 0x1f469, 0x1f3fe, 0x200d, 0x1f91d,
    0x200d, 0x1f468, 0x1f3fd, 0x1f469, 0x1f3fe, 0x200d, 0x1f91d, 0x200d, 0x1f468, 0x1f3ff, 0x1f469, 0x1f3fe,
    0x200d, 0x1f91d, 0x200d, 0x1f469, 0x1f3fb, 0x1f469, 0x1f3fe, 0x200d, 0x1f91d, 0x200d, 0x1f469, 0x1f3fc,
    0x1f469, 0x1f3fe, 0x200d, 0x1f91d, 0x200d, 0x1f469, 0x1f3fd, 0x1f469, 0x1f3fe, 0x200d, 0x1f91d, 0x200d,
    0x1f469, 0x1f3ff, 0x1f469, 0x1f3fe, 0x200d, 0x1f9af, 0x200d, 0x27a1, 0xfe0f, 0x1f469, 0x1f3fe, 0x200d,
    0x1f9bc, 0x200d, 0x27a1, 0xfe0f, 0x1f469, 0x1f3fe, 0x200d, 0x1f9bd, 0x200d, 0x27a1, 0xfe0f, 0x1f469,
    0x1f3fe, 0x200d, 0x1faef, 0x200d, 0x1f469, 0x1f3fb, 0x1f469, 0x1f3fe, 0x200d, 0x1faef, 0x200d, 0x1f469,
    0x1f3fc, 0x1f469, 0x1f3fe, 0x200d, 0x1faef, 0x200d, 0x1f469, 0x1f3fd, 0x1f469, 0x1f3fe, 0x200d, 0x1faef,
    0x200d, 0x1f469, 0x1f3ff, 0x1f469, 0x1f3ff, 0x200d, 0x1f430, 0x200d, 0x1f469, 0x1f3fb, 0x1f469, 0x1f3ff,
    0x200d, 0x1f430, 0x200d, 0x1f469, 0x1f3fc, 0x1f469, 0x1f3ff, 0x200d, 0x1f430, 0x200d, 0x1f469, 0x1f3fd,
    0x1f469, 0x1f3ff, 0x200d, 0x1f430, 0x200d, 0x1f469, 0x1f3fe, 0x1f469, 0x1f3ff, 0x200d, 0x1f91d, 0x200d,
    0x1f468, 0x1f3fb, 0x1f469, 0x1f3ff, 0x200d, 0x1f91d, 0x200d, 0x1f468, 0x1f3fc, 0x1f469, 0x1f3ff, 0x200d,
    0x1f91d, 0x200d, 0x1f468, 0x1f3fd, 0x1f469, 0x1f3ff, 0x200d, 0x1f91d, 0x200d, 0x1f468, 0x1f3fe, 0x1f469,
    0x1f3ff, 0x200d, 0x1f91d, 0x200d, 0x1f469, 0x1f3fb, 0x1f469, 0x1f3ff, 0x200d, 0x1f91d, 0x200d, 0x1f469,
    0x1f3fc, 0x1f469, 0x1f3ff, 0x200d, 0x1f91d, 0x200d, 0x1f469, 0x1f3fd, 0x1f469, 0x1f3ff, 0x200d, 0x1f91d,
    0x200d, 0x1f469, 0x1f3fe, 0x1f469, 0x1f3ff, 0x200d, 0x1f9af, 0x200d, 0x27a1, 0xfe0f, 0x1f469, 0x1f3ff,
    0x200d, 0x1f9bc, 0x200d, 0x27a1, 0xfe0f, 0x1f469, 0x1f3ff, 0x200d, 0x1f9bd, 0x200d, 0x27a1, 0xfe0f,
    0x1f469, 0x1f3ff, 0x200d, 0x1faef, 0x200d, 0x1f469, 0x1f3fb, 0x1f469, 0x1f3ff, 0x200d, 0x1faef, 0x200d,
    0x1f469, 0x1f3fc, 0x1f469, 0x1f3ff, 0x200d, 0x1faef, 0x200d, 0x1f469, 0x1f3fd, 0x1f469, 0x1f3ff, 0x200d,
    0x1faef, 0x200d, 0x1f469, 0x1f3fe, 0x1f6b6, 0x200d, 0x2640, 0xfe0f, 0x200d, 0x27a1, 0xfe0f, 0x1f6b6,
    0x200d, 0x2642, 0xfe0f, 0x200d, 0x27a1, 0xfe0f, 0x1f9ce, 0x200d, 0x2640, 0xfe0f, 0x200d, 0x27a1,
    0xfe0f, 0x1f9ce, 0x200d, 0x2642, 0xfe0f, 0x200d, 0x27a1, 0xfe0f, 0x1f9d1, 0x200d, 0x1f9d1, 0x200d,
    0x1f9d2, 0x200d, 0x1f9d2, 0x1f9d1, 0x1f3fb, 0x200d, 0x1f430, 0x200d, 0x1f9d1, 0x1f3fc, 0x1f9d1, 0x1f3fb,
    0x200d, 0x1f430, 0x200d, 0x1f9d1, 0x1f3fd, 0x1f9d1, 0x1f3fb, 0x200d, 0x1f430, 0x200d, 0x1f9d1, 0x1f3fe,
    0x1f9d1, 0x1f3fb, 0x200d, 0x1f430, 0x200d, 0x1f9d1, 0x1f3ff, 0x1f9d1, 0x1f3fb, 0x200d, 0x1f91d, 0x200d,
    0x1f9d1, 0x1f3fb, 0x1f9d1, 0x1f3fb, 0x200d, 0x1f91d, 0x200d, 0x1f9d1, 0x1f3fc, 0x1f9d1, 0x1f3fb, 0x200d,
    0x1f91d, 0x200d, 0x1f9d1, 0x1f3fd, 0x1f9d1, 0x1f3fb, 0x200d, 0x1f91d, 0x200d, 0x1f9d1, 0x1f3fe, 0x1f9d1,
    0x1f3fb, 0x200d, 0x1f91d, 0x200d, 0x1f9d1, 0x1f3ff, 0x1f9d1, 0x1f3fb, 0x200d, 0x1f9af, 0x200d, 0x27a1,
    0xfe0f, 0x1f9d1, 0x1f3fb, 0x200d, 0x1f9bc, 0x200d, 0x27a1, 0xfe0f, 0x1f9d1, 0x1f3fb, 0x200d, 0x1f9bd,
    0x200d, 0x27a1, 0xfe0f, 0x1f9d1, 0x1f3fb, 0x200d, 0x1faef, 0x200d, 0x1f9d1, 0x1f3fc, 0x1f9d1, 0x1f3fb,
    0x200d, 0x1faef, 0x200d, 0x1f9d1, 0x1f3fd, 0x1f9d1, 0x1f3fb, 0x200d, 0x1faef, 0x200d, 0x1f9d1, 0x1f3fe,
    0x1f9d1, 0x1f3fb, 0x200d, 0x1faef, 0x200d, 0x1f9d1, 0x1f3ff, 0x1f9d1, 0x1f3fc, 0x200d, 0x1f430, 0x200d,
    0x1f9d1, 0x1f3fb, 0x1f9d1, 0x1f3fc, 0x200d, 0x1f430, 0x200d, 0x1f9d1, 0x1f3fd, 0x1f9d1, 0x1f3fc, 0x200d,
    0x1f430, 0x200d, 0x1f9d1, 0x1f3fe, 0x1f9d1, 0x1f3fc, 0x200d, 0x1f430, 0x200d, 0x1f9d1, 0x1f3ff, 0x1f9d1,
    0x1f3fc, 0x200d, 0x1f91d, 0x200d, 0x1f9d1, 0x1f3fb, 0x1f9d1, 0x1f3fc, 0x200d, 0x1f91d, 0x200d, 0x1f9d1,
    0x1f3fc, 0x1f9d1, 0x1f3fc, 0x200d, 0x1f91d, 0x200d, 0x1f9d1, 0x1f3fd, 0x1f9d1, 0x1f3fc, 0x200d, 0x1f91d,
    0x200d, 0x1f9d1, 0x1f3fe, 0x1f9d1, 0x1f3fc, 0x200d, 0x1f91d, 0x200d, 0x1f9d1, 0x1f3ff, 0x1f9d1, 0x1f3fc,
    0x200d, 0x1f9af, 0x200d, 0x27a1, 0xfe0f, 0x1f9d1, 0x1f3fc, 0x200d, 0x1f9bc, 0x200d, 0x27a1, 0xfe0f,
    0x1f9d1, 0x1f3fc, 0x200d, 0x1f9bd, 0x200d, 0x27a1, 0xfe0f, 0x1f9d1, 0x1f3fc, 0x200d, 0x1faef, 0x200d,
    0x1f9d1, 0x1f3fb, 0x1f9d1, 0x1f3fc, 0x200d, 0x1faef, 0x200d, 0x1f9d1, 0x1f3fd, 0x1f9d1, 0x1f3fc, 0x200d,
    0x1faef, 0x200d, 0x1f9d1, 0x1f3fe, 0x1f9d1, 0x1f3fc, 0x200d, 0x1faef, 0x200d, 0x1f9d1, 0x1f3ff, 0x1f9d1,
    0x1f3fd, 0x200d, 0x1f430, 0x200d, 0x1f9d1, 0x1f3fb, 0x1f9d1, 0x1f3fd, 0x200d, 0x1f430, 0x200d, 0x1f9d1,
    0x1f3fc, 0x1f9d1, 0x1f3fd, 0x200d, 0x1f430, 0x200d, 0x1f9d1, 0x1f3fe, 0x1f9d1, 0x1f3fd, 0x200d, 0x1f430,
    0x200d, 0x1f9d1, 0x1f3ff, 0x1f9d1, 0x1f3fd, 0x200d, 0x1f91d, 0x200d, 0x1f9d1, 0x1f3fb, 0x1f9d1, 0x1f3fd,
    0x200d, 0x1f91d, 0x200d, 0x1f9d1, 0x1f3fc, 0x1f9d1, 0x1f3fd, 0x200d, 0x1f91d, 0x200d, 0x1f9d1, 0x1f3fd,
    0x1f9d1, 0x1f3fd, 0x200d, 0x1f91d, 0x200d, 0x1f9d1, 0x1f3fe, 0x1f9d1, 0x1f3fd, 0x200d, 0x1f91d, 0x200d,
    0x1f9d1, 0x1f3ff, 0x1f9d1, 0x1f3fd, 0x200d, 0x1f9af, 0x200d, 0x27a1, 0xfe0f, 0x1f9d1, 0x1f3fd, 0x200d,
    0x1f9bc, 0x200d, 0x27a1, 0xfe0f, 0x1f9d1, 0x1f3fd, 0x200d, 0x1f9bd, 0x200d, 0x27a1, 0xfe0f, 0x1f9d1,
    0x1f3fd, 0x200d, 0x1faef, 0x200d, 0x1f9d1, 0x1f3fb, 0x1f9d1, 0x1f3fd, 0x200d, 0x1faef, 0x200d, 0x1f9d1,
    0x1f3fc, 0x1f9d1, 0x1f3fd, 0x200d, 0x1faef, 0x200d, 0x1f9d1, 0x1f3fe, 0x1f9d1, 0x1f3fd, 0x200d, 0x1faef,
    0x200d, 0x1f9d1, 0x1f3ff, 0x1f9d1, 0x1f3fe, 0x200d, 0x1f430, 0x200d, 0x1f9d1, 0x1f3fb, 0x1f9d1, 0x1f3fe,
    0x200d, 0x1f430, 0x200d, 0x1f9d1, 0x1f3fc, 0x1f9d1, 0x1f3fe, 0x200d, 0x1f430, 0x200d, 0x1f9d1, 0x1f3fd,
    0x1f9d1, 0x1f3fe, 0x200d, 0x1f430, 0x200d, 0x1f9d1, 0x1f3ff, 0x1f9d1, 0x1f3fe, 0x200d, 0x1f91d, 0x200d,
    0x1f9d1, 0x1f3fb, 0x1f9d1, 0x1f3fe, 0x200d, 0x1f91d, 0x200d, 0x1f9d1, 0x1f3fc, 0x1f9d1, 0x1f3fe, 0x200d,
    0x1f91d, 0x200d, 0x1f9d1, 0x1f3fd, 0x1f9d1, 0x1f3fe, 0x200d, 0x1f91d, 0x200d, 0x1f9d1, 0x1f3fe, 0x1f9d1,
    0x1f3fe, 0x200d, 0x1f91d, 0x200d, 0x1f9d1, 0x1f3ff, 0x1f9d1, 0x1f3fe, 0x200d, 0x1f9af, 0x200d, 0x27a1,
    0xfe0f, 0x1f9d1, 0x1f3fe, 0x200d, 0x1f9bc, 0x200d, 0x27a1, 0xfe0f, 0x1f9d1, 0x1f3fe, 0x200d, 0x1f9bd,
    0x200d, 0x27a1, 0xfe0f, 0x1f9d1, 0x1f3fe, 0x200d, 0x1faef, 0x200d, 0x1f9d1, 0x1f3fb, 0x1f9d1, 0x1f3fe,
    0x200d, 0x1faef, 0x200d, 0x1f9d1, 0x1f3fc, 0x1f9d1, 0x1f3fe, 0x200d, 0x1faef, 0x200d, 0x1f9d1, 0x1f3fd,
    0x1f9d1, 0x1f3fe, 0x200d, 0x1faef, 0x200d, 0x1f9d1, 0x1f3ff, 0x1f9d1, 0x1f3ff, 0x200d, 0x1f430, 0x200d,
    0x1f9d1, 0x1f3fb, 0x1f9d1, 0x1f3ff, 0x200d, 0x1f430, 0x200d, 0x1f9d1, 0x1f3fc, 0x1f9d1, 0x1f3ff, 0x200d,
    0x1f430, 0x200d, 0x1f9d1, 0x1f3fd, 0x1f9d1, 0x1f3ff, 0x200d, 0x1f430, 0x200d, 0x1f9d1, 0x1f3fe, 0x1f9d1,
    0x1f3ff, 0x200d, 0x1f91d, 0x200d, 0x1f9d1, 0x1f3fb, 0x1f9d1, 0x1f3ff, 0x200d, 0x1f91d, 0x200d, 0x1f9d1,
    0x1f3fc, 0x1f9d1, 0x1f3ff, 0x200d, 0x1f91d, 0x200d, 0x1f9d1, 0x1f3fd, 0x1f9d1, 0x1f3ff, 0x200d, 0x1f91d,
    0x200d, 0x1f9d1, 0x1f3fe, 0x1f9d1, 0x1f3ff, 0x200d, 0x1f91d, 0x200d, 0x1f9d1, 0x1f3ff, 0x1f9d1, 0x1f3ff,
    0x200d, 0x1f9af, 0x200d, 0x27a1, 0xfe0f, 0x1f9d1, 0x1f3ff, 0x200d, 0x1f9bc, 0x200d, 0x27a1, 0xfe0f,
    0x1f9d1, 0x1f3ff, 0x200d, 0x1f9bd, 0x200d, 0x27a1, 0xfe0f, 0x1f9d1, 0x1f3ff, 0x200d, 0x1faef, 0x200d,
    0x1f9d1, 0x1f3fb, 0x1f9d1, 0x1f3ff, 0x200d, 0x1faef, 0x200d, 0x1f9d1, 0x1f3fc, 0x1f9d1, 0x1f3ff, 0x200d,
    0x1faef, 0x200d, 0x1f9d1, 0x1f3fd, 0x1f9d1, 0x1f3ff, 0x200d, 0x1faef, 0x200d, 0x1f9d1, 0x1f3fe, 0x1f468,
    0x200d, 0x2764, 0xfe0f, 0x200d, 0x1f468, 0x1f468, 0x200d, 0x1f9af, 0x200d, 0x27a1, 0xfe0f, 0x1f468,
    0x200d, 0x1f9bc, 0x200d, 0x27a1, 0xfe0f, 0x1f468, 0x200d, 0x1f9bd, 0x200d, 0x27a1, 0xfe0f, 0x1f469,
    0x200d, 0x2764, 0xfe0f, 0x200d, 0x1f468, 0x1f469, 0x200d, 0x2764, 0xfe0f, 0x200d, 0x1f469, 0x1f469,
    0x200d, 0x1f9af, 0x200d, 0x27a1, 0xfe0f, 0x1f469, 0x200d, 0x1f9bc, 0x200d, 0x27a1, 0xfe0f, 0x1f469,
    0x200d, 0x1f9bd, 0x200d, 0x27a1, 0xfe0f, 0x1f9d1, 0x200d, 0x1f9af, 0x200d, 0x27a1, 0xfe0f, 0x1f9d1,
    0x200d, 0x1f9bc, 0x200d, 0x27a1, 0xfe0f, 0x1f9d1, 0x200d, 0x1f9bd, 0x200d, 0x27a1, 0xfe0f, 0x26f9,
    0xfe0f, 0x200d, 0x2640, 0xfe0f, 0x26f9, 0xfe0f, 0x200d, 0x2642, 0xfe0f, 0x26f9, 0x1f3fb, 0x200d,
    0x2640, 0xfe0f, 0x26f9, 0x1f3fb, 0x200d, 0x2642, 0xfe0f, 0x26f9, 0x1f3fc, 0x200d, 0x2640, 0xfe0f,
    0x26f9, 0x1f3fc, 0x200d, 0x2642, 0xfe0f, 0x26f9, 0x1f3fd, 0x200d, 0x2640, 0xfe0f, 0x26f9, 0x1f3fd,
    0x200d, 0x2642, 0xfe0f, 0x26f9, 0x1f3fe, 0x200d, 0x2640, 0xfe0f, 0x26f9, 0x1f3fe, 0x200d, 0x2642,
    0xfe0f, 0x26f9, 0x1f3ff, 0x200d, 0x2640, 0xfe0f, 0x26f9, 0x1f3ff, 0x200d, 0x2642, 0xfe0f, 0x1f3c3,
    0x1f3fb, 0x200d, 0x2640, 0xfe0f, 0x1f3c3, 0x1f3fb, 0x200d, 0x2642, 0xfe0f, 0x1f3c3, 0x1f3fb, 0x200d,
    0x27a1, 0xfe0f, 0x1f3c3, 0x1f3fc, 0x200d, 0x2640, 0xfe0f, 0x1f3c3, 0x1f3fc, 0x200d, 0x2642, 0xfe0f,
    0x1f3c3, 0x1f3fc, 0x200d, 0x27a1, 0xfe0f, 0x1f3c3, 0x1f3fd, 0x200d, 0x2640, 0xfe0f, 0x1f3c3, 0x1f3fd,
    0x200d, 0x2642, 0xfe0f, 0x1f3c3, 0x1f3fd, 0x200d, 0x27a1, 0xfe0f, 0x1f3c3, 0x1f3fe, 0x200d, 0x2640,
    0xfe0f, 0x1f3c3, 0x1f3fe, 0x200d, 0x2642, 0xfe0f, 0x1f3c3, 0x1f3fe, 0x200d, 0x27a1, 0xfe0f, 0x1f3c3,
    0x1f3ff, 0x200d, 0x2640, 0xfe0f, 0x1f3c3, 0x1f3ff, 0x200d, 0x2642, 0xfe0f, 0x1f3c3, 0x1f3ff, 0x200d,
    0x27a1, 0xfe0f, 0x1f3c4, 0x1f3fb, 0x200d, 0x2640, 0xfe0f, 0x1f3c4, 0x1f3fb, 0x200d, 0x2642, 0xfe0f,
    0x1f3c4, 0x1f3fc, 0x200d, 0x2640, 0xfe0f, 0x1f3c4, 0x1f3fc, 0x200d, 0x2642, 0xfe0f, 0x1f3c4, 0x1f3fd,
    0x200d, 0x2640, 0xfe0f, 0x1f3c4, 0x1f3fd, 0x200d, 0x2642, 0xfe0f, 0x1f3c4, 0x1f3fe, 0x200d, 0x2640,
    0xfe0f, 0x1f3c4, 0x1f3fe, 0x200d, 0x2642, 0xfe0f, 0x1f3c4, 0x1f3ff, 0x200d, 0x2640, 0xfe0f, 0x1f3c4,
    0x1f3ff, 0x200d, 0x2642, 0xfe0f, 0x1f3ca, 0x1f3fb, 0x200d, 0x2640, 0xfe0f, 0x1f3ca, 0x1f3fb, 0x200d,
    0x2642, 0xfe0f, 0x1f3ca, 0x1f3fc, 0x200d, 0x2640, 0xfe0f, 0x1f3ca, 0x1f3fc, 0x200d, 0x2642, 0xfe0f,
    0x1f3ca, 0x1f3fd, 0x200d, 0x2640, 0xfe0f, 0x1f3ca, 0x1f3fd, 0x200d, 0x2642, 0xfe0f, 0x1f3ca, 0x1f3fe,
    0x200d, 0x2640, 0xfe0f, 0x1f3ca, 0x1f3fe, 0x200d, 0x2642, 0xfe0f, 0x1f3ca, 0x1f3ff, 0x200d, 0x2640,
    0xfe0f, 0x1f3ca, 0x1f3ff, 0x200d, 0x2642, 0xfe0f, 0x1f3cb, 0xfe0f, 0x200d, 0x2640, 0xfe0f, 0x1f3cb,
    0xfe0f, 0x200d, 0x2642, 0xfe0f, 0x1f3cb, 0x1f3fb, 0x200d, 0x2640, 0xfe0f, 0x1f3cb, 0x1f3fb, 0x200d,
    0x2642, 0xfe0f, 0x1f3cb, 0x1f3fc, 0x200d, 0x2640, 0xfe0f, 0x1f3cb, 0x1f3fc, 0x200d, 0x2642, 0xfe0f,
    0x1f3cb, 0x1f3fd, 0x200d, 0x2640, 0xfe0f, 0x1f3cb, 0x1f3fd, 0x200d, 0x2642, 0xfe0f, 0x1f3cb, 0x1f3fe,
    0x200d, 0x2640, 0xfe0f, 0x1f3cb, 0x1f3fe, 0x200d, 0x2642, 0xfe0f, 0x1f3cb, 0x1f3ff, 0x200d, 0x2640,
    0xfe0f, 0x1f3cb, 0x1f3ff, 0x200d, 0x2642, 0xfe0f, 0x1f3cc, 0xfe0f, 0x200d, 0x2640, 0xfe0f, 0x1f3cc,
    0xfe0f, 0x200d, 0x2642, 0xfe0f, 0x1f3cc, 0x1f3fb, 0x200d, 0x2640, 0xfe0f, 0x1f3cc, 0x1f3fb, 0x200d,
    0x2642, 0xfe0f, 0x1f3cc, 0x1f3fc, 0x200d, 0x2640, 0xfe0f, 0x1f3cc, 0x1f3fc, 0x200d, 0x2642, 0xfe0f,
    0x1f3cc, 0x1f3fd, 0x200d, 0x2640, 0xfe0f, 0x1f3cc, 0x1f3fd, 0x200d, 0x2642, 0xfe0f, 0x1f3cc, 0x1f3fe,
    0x200d, 0x2640, 0xfe0f, 0x1f3cc, 0x1f3fe, 0x200d, 0x2642, 0xfe0f, 0x1f3cc, 0x1f3ff, 0x200d, 0x2640,
    0xfe0f, 0x1f3cc, 0x1f3ff, 0x200d, 0x2642, 0xfe0f, 0x1f3f3, 0xfe0f, 0x200d, 0x26a7, 0xfe0f, 0x1f441,
    0xfe0f, 0x200d, 0x1f5e8, 0xfe0f, 0x1f468, 0x200d, 0x1f466, 0x200d, 0x1f466, 0x1f468, 0x200d, 0x1f467,
    0x200d, 0x1f466, 0x1f468, 0x200d, 0x1f467, 0x200d, 0x1f467, 0x1f468, 0x200d, 0x1f468, 0x200d, 0x1f466,
    0x1f468, 0x200d, 0x1f468, 0x200d, 0x1f467, 0x1f468, 0x200d, 0x1f469, 0x200d, 0x1f466, 0x1f468, 0x200d,
    0x1f469, 0x200d, 0x1f467, 0x1f468, 0x1f3fb, 0x200d, 0x2695, 0xfe0f, 0x1f468, 0x1f3fb, 0x200d, 0x2696,
    0xfe0f, 0x1f468, 0x1f3fb, 0x200d, 0x2708, 0xfe0f, 0x1f468, 0x1f3fc, 0x200d, 0x2695, 0xfe0f, 0x1f468,
    0x1f3fc, 0x200d, 0x2696, 0xfe0f, 0x1f468, 0x1f3fc, 0x200d, 0x2708, 0xfe0f, 0x1f468, 0x1f3fd, 0x200d,
    0x2695, 0xfe0f, 0x1f468, 0x1f3fd, 0x200d, 0x2696, 0xfe0f, 0x1f468, 0x1f3fd, 0x200d, 0x2708, 0xfe0f,
    0x1f468, 0x1f3fe, 0x200d, 0x2695, 0xfe0f, 0x1f468, 0x1f3fe, 0x200d, 0x2696, 0xfe0f, 0x1f468, 0x1f3fe,
    0x200d, 0x2708, 0xfe0f, 0x1f468, 0x1f3ff, 0x200d, 0x2695, 0xfe0f, 0x1f468, 0x1f3ff, 0x200d, 0x2696,
    0xfe0f, 0x1f468, 0x1f3ff, 0x200d, 0x2708, 0xfe0f, 0x1f469, 0x200d, 0x1f466, 0x200d, 0x1f466, 0x1f469,
    0x200d, 0x1f467, 0x200d, 0x1f466, 0x1f469, 0x200d, 0x1f467, 0x200d, 0x1f467, 0x1f469, 0x200d, 0x1f469,
    0x200d, 0x1f466, 0x1f469, 0x200d, 0x1f469, 0x200d, 0x1f467, 0x1f469, 0x1f3fb, 0x200d, 0x2695, 0xfe0f,
    0x1f469, 0x1f3fb, 0x200d, 0x2696, 0xfe0f, 0x1f469, 0x1f3fb, 0x200d, 0x2708, 0xfe0f, 0x1f469, 0x1f3fc,
    0x200d, 0x2695, 0xfe0f, 0x1f469, 0x1f3fc, 0x200d, 0x2696, 0xfe0f, 0x1f469, 0x1f3fc, 0x200d, 0x2708,
    0xfe0f, 0x1f469, 0x1f3fd, 0x200d, 0x2695, 0xfe0f, 0x1f469, 0x1f3fd, 0x200d, 0x2696, 0xfe0f, 0x1f469,
    0x1f3fd, 0x200d, 0x2708, 0xfe0f, 0x1f469, 0x1f3fe, 0x200d, 0x2695, 0xfe0f, 0x1f469, 0x1f3fe, 0x200d,
    0x2696, 0xfe0f, 0x1f469, 0x1f3fe, 0x200d, 0x2708, 0xfe0f, 0x1f469, 0x1f3ff, 0x200d, 0x2695, 0xfe0f,
    0x1f469, 0x1f3ff, 0x200d, 0x2696, 0xfe0f, 0x1f469, 0x1f3ff, 0x200d, 0x2708, 0xfe0f, 0x1f46e, 0x1f3fb,
    0x200d, 0x2640, 0xfe0f, 0x1f46e, 0x1f3fb, 0x200d, 0x2642, 0xfe0f, 0x1f46e, 0x1f3fc, 0x200d, 0x2640,
    0xfe0f, 0x1f46e, 0x1f3fc, 0x200d, 0x2642, 0xfe0f, 0x1f46e, 0x1f3fd, 0x200d, 0x2640, 0xfe0f, 0x1f46e,
    0x1f3fd, 0x200d, 0x2642, 0xfe0f, 0x1f46e, 0x1f3fe, 0x200d, 0x2640, 0xfe0f, 0x1f46e, 0x1f3fe, 0x200d,
    0x2642, 0xfe0f, 0x1f46e, 0x1f3ff, 0x200d, 0x2640, 0xfe0f, 0x1f46e, 0x1f3ff, 0x200d, 0x2642, 0xfe0f,
    0x1f46f, 0x1f3fb, 0x200d, 0x2640, 0xfe0f, 0x1f46f, 0x1f3fb, 0x200d, 0x2642, 0xfe0f, 0x1f46f, 0x1f3fc,
    0x200d, 0x2640, 0xfe0f, 0x1f46f, 0x1f3fc, 0x200d, 0x2642, 0xfe0f, 0x1f46f, 0x1f3fd, 0x200d, 0x2640,
    0xfe0f, 0x1f46f, 0x1f3fd, 0x200d, 0x2642, 0xfe0f, 0x1f46f, 0x1f3fe, 0x200d, 0x2640, 0xfe0f, 0x1f46f,
    0x1f3fe, 0x200d, 0x2642, 0xfe0f, 0x1f46f, 0x1f3ff, 0x200d, 0x2640, 0xfe0f, 0x1f46f, 0x1f3ff, 0x200d,
    0x2642, 0xfe0f, 0x1f470, 0x1f3fb, 0x200d, 0x2640, 0xfe0f, 0x1f470, 0x1f3fb, 0x200d, 0x2642, 0xfe0f,
    0x1f470, 0x1f3fc, 0x200d, 0x2640, 0xfe0f, 0x1f470, 0x1f3fc, 0x200d, 0x2642, 0xfe0f, 0x1f470, 0x1f3fd,
    0x200d, 0x2640, 0xfe0f, 0x1f470, 0x1f3fd, 0x200d, 0x2642, 0xfe0f, 0x1f470, 0x1f3fe, 0x200d, 0x2640,
    0xfe0f, 0x1f470, 0x1f3fe, 0x200d, 0x2642, 0xfe0f, 0x1f470, 0x1f3ff, 0x200d, 0x2640, 0xfe0f, 0x1f470,
    0x1f3ff, 0x200d, 0x2642, 0xfe0f, 0x1f471, 0x1f3fb, 0x200d, 0x2640, 0xfe0f, 0x1f471, 0x1f3fb, 0x200d,
    0x2642, 0xfe0f, 0x1f471, 0x1f3fc, 0x200d, 0x2640, 0xfe0f, 0x1f471, 0x1f3fc, 0x200d, 0x2642, 0xfe0f,
    0x1f471, 0x1f3fd, 0x200d, 0x2640, 0xfe0f, 0x1f471, 0x1f3fd, 0x200d, 0x2642, 0xfe0f, 0x1f471, 0x1f3fe,
    0x200d, 0x2640, 0xfe0f, 0x1f471, 0x1f3fe, 0x200d, 0x2642, 0xfe0f, 0x1f471, 0x1f3ff, 0x200d, 0x2640,
    0xfe0f, 0x1f471, 0x1f3ff, 0x200d, 0x2642, 0xfe0f, 0x1f473, 0x1f3fb, 0x200d, 0x2640, 0xfe0f, 0x1f473,
    0x1f3fb, 0x200d, 0x2642, 0xfe0f, 0x1f473, 0x1f3fc, 0x200d, 0x2640, 0xfe0f, 0x1f473, 0x1f3fc, 0x200d,
    0x2642, 0xfe0f, 0x1f473, 0x1f3fd, 0x200d, 0x2640, 0xfe0f, 0x1f473, 0x1f3fd, 0x200d, 0x2642, 0xfe0f,
    0x1f473, 0x1f3fe, 0x200d, 0x2640, 0xfe0f, 0x1f473, 0x1f3fe, 0x200d, 0x2642, 0xfe0f, 0x1f473, 0x1f3ff,
    0x200d, 0x2640, 0xfe0f, 0x1f473, 0x1f3ff, 0x200d, 0x2642, 0xfe0f, 0x1f477, 0x1f3fb, 0x200d, 0x2640,
    0xfe0f, 0x1f477, 0x1f3fb, 0x200d, 0x2642, 0xfe0f, 0x1f477, 0x1f3fc, 0x200d, 0x2640, 0xfe0f, 0x1f477,
    0x1f3fc, 0x200d, 0x2642, 0xfe0f, 0x1f477, 0x1f3fd, 0x200d, 0x2640, 0xfe0f, 0x1f477, 0x1f3fd, 0x200d,
    0x2642, 0xfe0f, 0x1f477, 0x1f3fe, 0x200d, 0x2640, 0xfe0f, 0x1f477, 0x1f3fe, 0x200d, 0x2642, 0xfe0f,
    0x1f477, 0x1f3ff, 0x200d, 0x2640, 0xfe0f, 0x1f477, 0x1f3ff, 0x200d, 0x2642, 0xfe0f, 0x1f481, 0x1f3fb,
    0x200d, 0x2640, 0xfe0f, 0x1f481, 0x1f3fb, 0x200d, 0x2642, 0xfe0f, 0x1f481, 0x1f3fc, 0x200d, 0x2640,
    0xfe0f, 0x1f481, 0x1f3fc, 0x200d, 0x2642, 0xfe0f, 0x1f481, 0x1f3fd, 0x200d, 0x2640, 0xfe0f, 0x1f481,
    0x1f3fd, 0x200d, 0x2642, 0xfe0f, 0x1f481, 0x1f3fe, 0x200d, 0x2640, 0xfe0f, 0x1f481, 0x1f3fe, 0x200d,
    0x2642, 0xfe0f, 0x1f481, 0x1f3ff, 0x200d, 0x2640, 0xfe0f, 0x1f481, 0x1f3ff, 0x200d, 0x2642, 0xfe0f,
    0x1f482, 0x1f3fb, 0x200d, 0x2640, 0xfe0f, 0x1f482, 0x1f3fb, 0x200d, 0x2642, 0xfe0f, 0x1f482, 0x1f3fc,
    0x200d, 0x2640, 0xfe0f, 0x1f482, 0x1f3fc, 0x200d, 0x2642, 0xfe0f, 0x1f482, 0x1f3fd, 0x200d, 0x2640,
    0xfe0f, 0x1f482, 0x1f3fd, 0x200d, 0x2642, 0xfe0f, 0x1f482, 0x1f3fe, 0x200d, 0x2640, 0xfe0f, 0x1f482,
    0x1f3fe, 0x200d, 0x2642, 0xfe0f, 0x1f482, 0x1f3ff, 0x200d, 0x2640, 0xfe0f, 0x1f482, 0x1f3ff, 0x200d,
    0x2642, 0xfe0f, 0x1f486, 0x1f3fb, 0x200d, 0x2640, 0xfe0f, 0x1f486, 0x1f3fb, 0x200d, 0x2642, 0xfe0f,
    0x1f486, 0x1f3fc, 0x200d, 0x2640, 0xfe0f, 0x1f486, 0x1f3fc, 0x200d, 0x2642, 0xfe0f, 0x1f486, 0x1f3fd,
    0x200d, 0x2640, 0xfe0f, 0x1f486, 0x1f3fd, 0x200d, 0x2642, 0xfe0f, 0x1f486, 0x1f3fe, 0x200d, 0x2640,
    0xfe0f, 0x1f486, 0x1f3fe, 0x200d, 0x2642, 0xfe0f, 0x1f486, 0x1f3ff, 0x200d, 0x2640, 0xfe0f, 0x1f486,
    0x1f3ff, 0x200d, 0x2642, 0xfe0f, 0x1f487, 0x1f3fb, 0x200d, 0x2640, 0xfe0f, 0x1f487, 0x1f3fb, 0x200d,
    0x2642, 0xfe0f, 0x1f487, 0x1f3fc, 0x200d, 0x2640, 0xfe0f, 0x1f487, 0x1f3fc, 0x200d, 0x2642, 0xfe0f,
    0x1f487, 0x1f3fd, 0x200d, 0x2640, 0xfe0f, 0x1f487, 0x1f3fd, 0x200d, 0x2642, 0xfe0f, 0x1f487, 0x1f3fe,
    0x200d, 0x2640, 0xfe0f, 0x1f487, 0x1f3fe, 0x200d, 0x2642, 0xfe0f, 0x1f487, 0x1f3ff, 0x200d, 0x2640,
    0xfe0f, 0x1f487, 0x1f3ff, 0x200d, 0x2642, 0xfe0f, 0x1f575, 0xfe0f, 0x200d, 0x2640, 0xfe0f, 0x1f575,
    0xfe0f, 0x200d, 0x2642, 0xfe0f, 0x1f575, 0x1f3fb, 0x200d, 0x2640, 0xfe0f, 0x1f575, 0x1f3fb, 0x200d,
    0x2642, 0xfe0f, 0x1f575, 0x1f3fc, 0x200d, 0x2640, 0xfe0f, 0x1f575, 0x1f3fc, 0x200d, 0x2642, 0xfe0f,
    0x1f575, 0x1f3fd, 0x200d, 0x2640, 0xfe0f, 0x1f575, 0x1f3fd, 0x200d, 0x2642, 0xfe0f, 0x1f575, 0x1f3fe,
    0x200d, 0x2640, 0xfe0f, 0x1f575, 0x1f3fe, 0x200d, 0x2642, 0xfe0f, 0x1f575, 0x1f3ff, 0x200d, 0x2640,
    0xfe0f, 0x1f575, 0x1f3ff, 0x200d, 0x2642, 0xfe0f, 0x1f645, 0x1f3fb, 0x200d, 0x2640, 0xfe0f, 0x1f645,
    0x1f3fb, 0x200d, 0x2642, 0xfe0f, 0x1f645, 0x1f3fc, 0x200d, 0x2640, 0xfe0f, 0x1f645, 0x1f3fc, 0x200d,
    0x2642, 0xfe0f, 0x1f645, 0x1f3fd, 0x200d, 0x2640, 0xfe0f, 0x1f645, 0x1f3fd, 0x200d, 0x2642, 0xfe0f,
    0x1f645, 0x1f3fe, 0x200d, 0x2640, 0xfe0f, 0x1f645, 0x1f3fe, 0x200d, 0x2642, 0xfe0f, 0x1f645, 0x1f3ff,
    0x200d, 0x2640, 0xfe0f, 0x1f645, 0x1f3ff, 0x200d, 0x2642, 0xfe0f, 0x1f646, 0x1f3fb, 0x200d, 0x2640,
    0xfe0f, 0x1f646, 0x1f3fb, 0x200d, 0x2642, 0xfe0f, 0x1f646, 0x1f3fc, 0x200d, 0x2640, 0xfe0f, 0x1f646,
    0x1f3fc, 0x200d, 0x2642, 0xfe0f, 0x1f646, 0x1f3fd, 0x200d, 0x2640, 0xfe0f, 0x1f646, 0x1f3fd, 0x200d,
    0x2642, 0xfe0f, 0x1f646, 0x1f3fe, 0x200d, 0x2640, 0xfe0f, 0x1f646, 0x1f3fe, 0x200d, 0x2642, 0xfe0f,
    0x1f646, 0x1f3ff, 0x200d, 0x2640, 0xfe0f, 0x1f646, 0x1f3ff, 0x200d, 0x2642, 0xfe0f, 0x1f647, 0x1f3fb,
    0x200d, 0x2640, 0xfe0f, 0x1f647, 0x1f3fb, 0x200d, 0x2642, 0xfe0f, 0x1f647, 0x1f3fc, 0x200d, 0x2640,
    0xfe0f, 0x1f647, 0x1f3fc, 0x200d, 0x2642, 0xfe0f, 0x1f647, 0x1f3fd, 0x200d, 0x2640, 0xfe0f, 0x1f647,
    0x1f3fd, 0x200d, 0x2642, 0xfe0f, 0x1f647, 0x1f3fe, 0x200d, 0x2640, 0xfe0f, 0x1f647, 0x1f3fe, 0x200d,
    0x2642, 0xfe0f, 0x1f647, 0x1f3ff, 0x200d, 0x2640, 0xfe0f, 0x1f647, 0x1f3ff, 0x200d, 0x2642, 0xfe0f,
    0x1f64b, 0x1f3fb, 0x200d, 0x2640, 0xfe0f, 0x1f64b, 0x1f3fb, 0x200d, 0x2642, 0xfe0f, 0x1f64b, 0x1f3fc,
    0x200d, 0x2640, 0xfe0f, 0x1f64b, 0x1f3fc, 0x200d, 0x2642, 0xfe0f, 0x1f64b, 0x1f3fd, 0x200d, 0x2640,
    0xfe0f, 0x1f64b, 0x1f3fd, 0x200d, 0x2642, 0xfe0f, 0x1f64b, 0x1f3fe, 0x200d, 0x2640, 0xfe0f, 0x1f64b,
    0x1f3fe, 0x200d, 0x2642, 0xfe0f, 0x1f64b, 0x1f3ff, 0x200d, 0x2640, 0xfe0f, 0x1f64b, 0x1f3ff, 0x200d,
    0x2642, 0xfe0f, 0x1f64d, 0x1f3fb, 0x200d, 0x2640, 0xfe0f, 0x1f64d, 0x1f3fb, 0x200d, 0x2642, 0xfe0f,
    0x1f64d, 0x1f3fc, 0x200d, 0x2640, 0xfe0f, 0x1f64d, 0x1f3fc, 0x200d, 0x2642, 0xfe0f, 0x1f64d, 0x1f3fd,
    0x200d, 0x2640, 0xfe0f, 0x1f64d, 0x1f3fd, 0x200d, 0x2642, 0xfe0f, 0x1f64d, 0x1f3fe, 0x200d, 0x2640,
    0xfe0f, 0x1f64d, 0x1f3fe, 0x200d, 0x2642, 0xfe0f, 0x1f64d, 0x1f3ff, 0x200d, 0x2640, 0xfe0f, 0x1f64d,
    0x1f3ff, 0x200d, 0x2642, 0xfe0f, 0x1f64e, 0x1f3fb, 0x200d, 0x2640, 0xfe0f, 0x1f64e, 0x1f3fb, 0x200d,
    0x2642, 0xfe0f, 0x1f64e, 0x1f3fc, 0x200d, 0x2640, 0xfe0f, 0x1f64e, 0x1f3fc, 0x200d, 0x2642, 0xfe0f,
    0x1f64e, 0x1f3fd, 0x200d, 0x2640, 0xfe0f, 0x1f64e, 0x1f3fd, 0x200d, 0x2642, 0xfe0f, 0x1f64e, 0x1f3fe,
    0x200d, 0x2640, 0xfe0f, 0x1f64e, 0x1f3fe, 0x200d, 0x2642, 0xfe0f, 0x1f64e, 0x1f3ff, 0x200d, 0x2640,
    0xfe0f, 0x1f64e, 0x1f3ff, 0x200d, 0x2642, 0xfe0f, 0x1f6a3, 0x1f3fb, 0x200d, 0x2640, 0xfe0f, 0x1f6a3,
    0x1f3fb, 0x200d, 0x2642, 0xfe0f, 0x1f6a3, 0x1f3fc, 0x200d, 0x2640, 0xfe0f, 0x1f6a3, 0x1f3fc, 0x200d,
    0x2642, 0xfe0f, 0x1f6a3, 0x1f3fd, 0x200d, 0x2640, 0xfe0f, 0x1f6a3, 0x1f3fd, 0x200d, 0x2642, 0xfe0f,
    0x1f6a3, 0x1f3fe, 0x200d, 0x2640, 0xfe0f, 0x1f6a3, 0x1f3fe, 0x200d, 0x2642, 0xfe0f, 0x1f6a3, 0x1f3ff,
    0x200d, 0x2640, 0xfe0f, 0x1f6a3, 0x1f3ff, 0x200d, 0x2642, 0xfe0f, 0x1f6b4, 0x1f3fb, 0x200d, 0x2640,
    0xfe0f, 0x1f6b4, 0x1f3fb, 0x200d, 0x2642, 0xfe0f, 0x1f6b4, 0x1f3fc, 0x200d, 0x2640, 0xfe0f, 0x1f6b4,
    0x1f3fc, 0x200d, 0x2642, 0xfe0f, 0x1f6b4, 0x1f3fd, 0x200d, 0x2640, 0xfe0f, 0x1f6b4, 0x1f3fd, 0x200d,
    0x2642, 0xfe0f, 0x1f6b4, 0x1f3fe, 0x200d, 0x2640, 0xfe0f, 0x1f6b4, 0x1f3fe, 0x200d, 0x2642, 0xfe0f,
    0x1f6b4, 0x1f3ff, 0x200d, 0x2640, 0xfe0f, 0x1f6b4, 0x1f3ff, 0x200d, 0x2642, 0xfe0f, 0x1f6b5, 0x1f3fb,
    0x200d, 0x2640, 0xfe0f, 0x1f6b5, 0x1f3fb, 0x200d, 0x2642, 0xfe0f, 0x1f6b5, 0x1f3fc, 0x200d, 0x2640,
    0xfe0f, 0x1f6b5, 0x1f3fc, 0x200d, 0x2642, 0xfe0f, 0x1f6b5, 0x1f3fd, 0x200d, 0x2640, 0xfe0f, 0x1f6b5,
    0x1f3fd, 0x200d, 0x2642, 0xfe0f, 0x1f6b5, 0x1f3fe, 0x200d, 0x2640, 0xfe0f, 0x1f6b5, 0x1f3fe, 0x200d,
    0x2642, 0xfe0f, 0x1f6b5, 0x1f3ff, 0x200d, 0x2640, 0xfe0f, 0x1f6b5, 0x1f3ff, 0x200d, 0x2642, 0xfe0f,
    0x1f6b6, 0x1f3fb, 0x200d, 0x2640, 0xfe0f, 0x1f6b6, 0x1f3fb, 0x200d, 0x2642, 0xfe0f, 0x1f6b6, 0x1f3fb,
    0x200d, 0x27a1, 0xfe0f, 0x1f6b6, 0x1f3fc, 0x200d, 0x2640, 0xfe0f, 0x1f6b6, 0x1f3fc, 0x200d, 0x2642,
    0xfe0f, 0x1f6b6, 0x1f3fc, 0x200d, 0x27a1, 0xfe0f, 0x1f6b6, 0x1f3fd, 0x200d, 0x2640, 0xfe0f, 0x1f6b6,
    0x1f3fd, 0x200d, 0x2642, 0xfe0f, 0x1f6b6, 0x1f3fd, 0x200d, 0x27a1, 0xfe0f, 0x1f6b6, 0x1f3fe, 0x200d,
    0x2640, 0xfe0f, 0x1f6b6, 0x1f3fe, 0x200d, 0x2642, 0xfe0f, 0x1f6b6, 0x1f3fe, 0x200d, 0x27a1, 0xfe0f,
    0x1f6b6, 0x1f3ff, 0x200d, 0x2640, 0xfe0f, 0x1f6b6, 0x1f3ff, 0x200d, 0x2642, 0xfe0f, 0x1f6b6, 0x1f3ff,
    0x200d, 0x27a1, 0xfe0f, 0x1f926, 0x1f3fb, 0x200d, 0x2640, 0xfe0f, 0x1f926, 0x1f3fb, 0x200d, 0x2642,
    0xfe0f, 0x1f926, 0x1f3fc, 0x200d, 0x2640, 0xfe0f, 0x1f926, 0x1f3fc, 0x200d, 0x2642, 0xfe0f, 0x1f926,
    0x1f3fd, 0x200d, 0x2640, 0xfe0f, 0x1f926, 0x1f3fd, 0x200d, 0x2642, 0xfe0f, 0x1f926, 0x1f3fe, 0x200d,
    0x2640, 0xfe0f, 0x1f926, 0x1f3fe, 0x200d, 0x2642, 0xfe0f, 0x1f926, 0x1f3ff, 0x200d, 0x2640, 0xfe0f,
    0x1f926, 0x1f3ff, 0x200d, 0x2642, 0xfe0f, 0x1f935, 0x1f3fb, 0x200d, 0x2640, 0xfe0f, 0x1f935, 0x1f3fb,
    0x200d, 0x2642, 0xfe0f, 0x1f935, 0x1f3fc, 0x200d, 0x2640, 0xfe0f, 0x1f935, 0x1f3fc, 0x200d, 0x2642,
    0xfe0f, 0x1f935, 0x1f3fd, 0x200d, 0x2640, 0xfe0f, 0x1f935, 0x1f3fd, 0x200d, 0x2642, 0xfe0f, 0x1f935,
    0x1f3fe, 0x200d, 0x2640, 0xfe0f, 0x1f935, 0x1f3fe, 0x200d, 0x2642, 0xfe0f, 0x1f935, 0x1f3ff, 0x200d,
    0x2640, 0xfe0f, 0x1f935, 0x1f3ff, 0x200d, 0x2642, 0xfe0f, 0x1f937, 0x1f3fb, 0x200d, 0x2640, 0xfe0f,
    0x1f937, 0x1f3fb, 0x200d, 0x2642, 0xfe0f, 0x1f937, 0x1f3fc, 0x200d, 0x2640, 0xfe0f, 0x1f937, 0x1f3fc,
    0x200d, 0x2642, 0xfe0f, 0x1f937, 0x1f3fd, 0x200d, 0x2640, 0xfe0f, 0x1f937, 0x1f3fd, 0x200d, 0x2642,
    0xfe0f, 0x1f937, 0x1f3fe, 0x200d, 0x2640, 0xfe0f, 0x1f937, 0x1f3fe, 0x200d, 0x2642, 0xfe0f, 0x1f937,
    0x1f3ff, 0x200d, 0x2640, 0xfe0f, 0x1f937, 0x1f3ff, 0x200d, 0x2642, 0xfe0f, 0x1f938, 0x1f3fb, 0x200d,
    0x2640, 0xfe0f, 0x1f938, 0x1f3fb, 0x200d, 0x2642, 0xfe0f, 0x1f938, 0x1f3fc, 0x200d, 0x2640, 0xfe0f,
    0x1f938, 0x1f3fc, 0x200d, 0x2642, 0xfe0f, 0x1f938, 0x1f3fd, 0x200d, 0x2640, 0xfe0f, 0x1f938, 0x1f3fd,
    0x200d, 0x2642, 0xfe0f, 0x1f938, 0x1f3fe, 0x200d, 0x2640, 0xfe0f, 0x1f938, 0x1f3fe, 0x200d, 0x2642,
    0xfe0f, 0x1f938, 0x1f3ff, 0x200d, 0x2640, 0xfe0f, 0x1f938, 0x1f3ff, 0x200d, 0x2642, 0xfe0f, 0x1f939,
    0x1f3fb, 0x200d, 0x2640, 0xfe0f, 0x1f939, 0x1f3fb, 0x200d, 0x2642, 0xfe0f, 0x1f939, 0x1f3fc, 0x200d,
    0x2640, 0xfe0f, 0x1f939, 0x1f3fc, 0x200d, 0x2642, 0xfe0f, 0x1f939, 0x1f3fd, 0x200d, 0x2640, 0xfe0f,
    0x1f939, 0x1f3fd, 0x200d, 0x2642, 0xfe0f, 0x1f939, 0x1f3fe, 0x200d, 0x2640, 0xfe0f, 0x1f939, 0x1f3fe,
    0x200d, 0x2642, 0xfe0f, 0x1f939, 0x1f3ff, 0x200d, 0x2640, 0xfe0f, 0x1f939, 0x1f3ff, 0x200d, 0x2642,
    0xfe0f, 0x1f93c, 0x1f3fb, 0x200d, 0x2640, 0xfe0f, 0x1f93c, 0x1f3fb, 0x200d, 0x2642, 0xfe0f, 0x1f93c,
    0x1f3fc, 0x200d, 0x2640, 0xfe0f, 0x1f93c, 0x1f3fc, 0x200d, 0x2642, 0xfe0f, 0x1f93c, 0x1f3fd, 0x200d,
    0x2640, 0xfe0f, 0x1f93c, 0x1f3fd, 0x200d, 0x2642, 0xfe0f, 0x1f93c, 0x1f3fe, 0x200d, 0x2640, 0xfe0f,
    0x1f93c, 0x1f3fe, 0x200d, 0x2642, 0xfe0f, 0x1f93c, 0x1f3ff, 0x200d, 0x2640, 0xfe0f, 0x1f93c, 0x1f3ff,
    0x200d, 0x2642, 0xfe0f, 0x1f93d, 0x1f3fb, 0x200d, 0x2640, 0xfe0f, 0x1f93d, 0x1f3fb, 0x200d, 0x2642,
    0xfe0f, 0x1f93d, 0x1f3fc, 0x200d, 0x2640, 0xfe0f, 0x1f93d, 0x1f3fc, 0x200d, 0x2642, 0xfe0f, 0x1f93d,
    0x1f3fd, 0x200d, 0x2640, 0xfe0f, 0x1f93d, 0x1f3fd, 0x200d, 0x2642, 0xfe0f, 0x1f93d, 0x1f3fe, 0x200d,
    0x2640, 0xfe0f, 0x1f93d, 0x1f3fe, 0x200d, 0x2642, 0xfe0f, 0x1f93d, 0x1f3ff, 0x200d, 0x2640, 0xfe0f,
    0x1f93d, 0x1f3ff, 0x200d, 0x2642, 0xfe0f, 0x1f93e, 0x1f3fb, 0x200d, 0x2640, 0xfe0f, 0x1f93e, 0x1f3fb,
    0x200d, 0x2642, 0xfe0f, 0x1f93e, 0x1f3fc, 0x200d, 0x2640, 0xfe0f, 0x1f93e, 0x1f3fc, 0x200d, 0x2642,
    0xfe0f, 0x1f93e, 0x1f3fd, 0x200d, 0x2640, 0xfe0f, 0x1f93e, 0x1f3fd, 0x200d, 0x2642, 0xfe0f, 0x1f93e,
    0x1f3fe, 0x200d, 0x2640, 0xfe0f, 0x1f93e, 0x1f3fe, 0x200d, 0x2642, 0xfe0f, 0x1f93e, 0x1f3ff, 0x200d,
    0x2640, 0xfe0f, 0x1f93e, 0x1f3ff, 0x200d, 0x2642, 0xfe0f, 0x1f9b8, 0x1f3fb, 0x200d, 0x2640, 0xfe0f,
    0x1f9b8, 0x1f3fb, 0x200d, 0x2642, 0xfe0f, 0x1f9b8, 0x1f3fc, 0x200d, 0x2640, 0xfe0f, 0x1f9b8, 0x1f3fc,
    0x200d, 0x2642, 0xfe0f, 0x1f9b8, 0x1f3fd, 0x200d, 0x2640, 0xfe0f, 0x1f9b8, 0x1f3fd, 0x200d, 0x2642,
    0xfe0f, 0x1f9b8, 0x1f3fe, 0x200d, 0x2640, 0xfe0f, 0x1f9b8, 0x1f3fe, 0x200d, 0x2642, 0xfe0f, 0x1f9b8,
    0x1f3ff, 0x200d, 0x2640, 0xfe0f, 0x1f9b8, 0x1f3ff, 0x200d, 0x2642, 0xfe0f, 0x1f9b9, 0x1f3fb, 0x200d,
    0x2640, 0xfe0f, 0x1f9b9, 0x1f3fb, 0x200d, 0x2642, 0xfe0f, 0x1f9b9, 0x1f3fc, 0x200d, 0x2640, 0xfe0f,
    0x1f9b9, 0x1f3fc, 0x200d, 0x2642, 0xfe0f, 0x1f9b9, 0x1f3fd, 0x200d, 0x2640, 0xfe0f, 0x1f9b9, 0x1f3fd,
    0x200d, 0x2642, 0xfe0f, 0x1f9b9, 0x1f3fe, 0x200d, 0x2640, 0xfe0f, 0x1f9b9, 0x1f3fe, 0x200d, 0x2642,
    0xfe0f, 0x1f9b9, 0x1f3ff, 0x200d, 0x2640, 0xfe0f, 0x1f9b9, 0x1f3ff, 0x200d, 0x2642, 0xfe0f, 0x1f9cd,
    0x1f3fb, 0x200d, 0x2640, 0xfe0f, 0x1f9cd, 0x1f3fb, 0x200d, 0x2642, 0xfe0f, 0x1f9cd, 0x1f3fc, 0x200d,
    0x2640, 0xfe0f, 0x1f9cd, 0x1f3fc, 0x200d, 0x2642, 0xfe0f, 0x1f9cd, 0x1f3fd, 0x200d, 0x2640, 0xfe0f,
    0x1f9cd, 0x1f3fd, 0x200d, 0x2642, 0xfe0f, 0x1f9cd, 0x1f3fe, 0x200d, 0x2640, 0xfe0f, 0x1f9cd, 0x1f3fe,
    0x200d, 0x2642, 0xfe0f, 0x1f9cd, 0x1f3ff, 0x200d, 0x2640, 0xfe0f, 0x1f9cd, 0x1f3ff, 0x200d, 0x2642,
    0xfe0f, 0x1f9ce, 0x1f3fb, 0x200d, 0x2640, 0xfe0f, 0x1f9ce, 0x1f3fb, 0x200d, 0x2642, 0xfe0f, 0x1f9ce,
    0x1f3fb, 0x200d, 0x27a1, 0xfe0f, 0x1f9ce, 0x1f3fc, 0x200d, 0x2640, 0xfe0f, 0x1f9ce, 0x1f3fc, 0x200d,
    0x2642, 0xfe0f, 0x1f9ce, 0x1f3fc, 0x200d, 0x27a1, 0xfe0f, 0x1f9ce, 0x1f3fd, 0x200d, 0x2640, 0xfe0f,
    0x1f9ce, 0x1f3fd, 0x200d, 0x2642, 0xfe0f, 0x1f9ce, 0x1f3fd, 0x200d, 0x27a1, 0xfe0f, 0x1f9ce, 0x1f3fe,
    0x200d, 0x2640, 0xfe0f, 0x1f9ce, 0x1f3fe, 0x200d, 0x2642, 0xfe0f, 0x1f9ce, 0x1f3fe, 0x200d, 0x27a1,
    0xfe0f, 0x1f9ce, 0x1f3ff, 0x200d, 0x2640, 0xfe0f, 0x1f9ce, 0x1f3ff, 0x200d, 0x2642, 0xfe0f, 0x1f9ce,
    0x1f3ff, 0x200d, 0x27a1, 0xfe0f, 0x1f9cf, 0x1f3fb, 0x200d, 0x2640, 0xfe0f, 0x1f9cf, 0x1f3fb, 0x200d,
    0x2642, 0xfe0f, 0x1f9cf, 0x1f3fc, 0x200d, 0x2640, 0xfe0f, 0x1f9cf, 0x1f3fc, 0x200d, 0x2642, 0xfe0f,
    0x1f9cf, 0x1f3fd, 0x200d, 0x2640, 0xfe0f, 0x1f9cf, 0x1f3fd, 0x200d, 0x2642, 0xfe0f, 0x1f9cf, 0x1f3fe,
    0x200d, 0x2640, 0xfe0f, 0x1f9cf, 0x1f3fe, 0x200d, 0x2642, 0xfe0f, 0x1f9cf, 0x1f3ff, 0x200d, 0x2640,
    0xfe0f, 0x1f9cf, 0x1f3ff, 0x200d, 0x2642, 0xfe0f, 0x1f9d1, 0x200d, 0x1f91d, 0x200d, 0x1f9d1, 0x1f9d1,
    0x200d, 0x1f9d1, 0x200d, 0x1f9d2, 0x1f9d1, 0x200d, 0x1f9d2, 0x200d, 0x1f9d2, 0x1f9d1, 0x1f3fb, 0x200d,
    0x2695, 0xfe0f, 0x1f9d1, 0x1f3fb, 0x200d, 0x2696, 0xfe0f, 0x1f9d1, 0x1f3fb, 0x200d, 0x2708, 0xfe0f,
    0x1f9d1, 0x1f3fc, 0x200d, 0x2695, 0xfe0f, 0x1f9d1, 0x1f3fc, 0x200d, 0x2696, 0xfe0f, 0x1f9d1, 0x1f3fc,
    0x200d, 0x2708, 0xfe0f, 0x1f9d1, 0x1f3fd, 0x200d, 0x2695, 0xfe0f, 0x1f9d1, 0x1f3fd, 0x200d, 0x2696,
    0xfe0f, 0x1f9d1, 0x1f3fd, 0x200d, 0x2708, 0xfe0f, 0x1f9d1, 0x1f3fe, 0x200d, 0x2695, 0xfe0f, 0x1f9d1,
    0x1f3fe, 0x200d, 0x2696, 0xfe0f, 0x1f9d1, 0x1f3fe, 0x200d, 0x2708, 0xfe0f, 0x1f9d1, 0x1f3ff, 0x200d,
    0x2695, 0xfe0f, 0x1f9d1, 0x1f3ff, 0x200d, 0x2696, 0xfe0f, 0x1f9d1, 0x1f3ff, 0x200d, 0x2708, 0xfe0f,
    0x1f9d4, 0x1f3fb, 0x200d, 0x2640, 0xfe0f, 0x1f9d4, 0x1f3fb, 0x200d, 0x2642, 0xfe0f, 0x1f9d4, 0x1f3fc,
    0x200d, 0x2640, 0xfe0f, 0x1f9d4, 0x1f3fc, 0x200d, 0x2642, 0xfe0f, 0x1f9d4, 0x1f3fd, 0x200d, 0x2640,
    0xfe0f, 0x1f9d4, 0x1f3fd, 0x200d, 0x2642, 0xfe0f, 0x1f9d4, 0x1f3fe, 0x200d, 0x2640, 0xfe0f, 0x1f9d4,
    0x1f3fe, 0x200d, 0x2642, 0xfe0f, 0x1f9d4, 0x1f3ff, 0x200d, 0x2640, 0xfe0f, 0x1f9d4, 0x1f3ff, 0x200d,
    0x2642, 0xfe0f, 0x1f9d6, 0x1f3fb, 0x200d, 0x2640, 0xfe0f, 0x1f9d6, 0x1f3fb, 0x200d, 0x2642, 0xfe0f,
    0x1f9d6, 0x1f3fc, 0x200d, 0x2640, 0xfe0f, 0x1f9d6, 0x1f3fc, 0x200d, 0x2642, 0xfe0f, 0x1f9d6, 0x1f3fd,
    0x200d, 0x2640, 0xfe0f, 0x1f9d6, 0x1f3fd, 0x200d, 0x2642, 0xfe0f, 0x1f9d6, 0x1f3fe, 0x200d, 0x2640,
    0xfe0f, 0x1f9d6, 0x1f3fe, 0x200d, 0x2642, 0xfe0f, 0x1f9d6, 0x1f3ff, 0x200d, 0x2640, 0xfe0f, 0x1f9d6,
    0x1f3ff, 0x200d, 0x2642, 0xfe0f, 0x1f9d7, 0x1f3fb, 0x200d, 0x2640, 0xfe0f, 0x1f9d7, 0x1f3fb, 0x200d,
    0x2642, 0xfe0f, 0x1f9d7, 0x1f3fc, 0x200d, 0x2640, 0xfe0f, 0x1f9d7, 0x1f3fc, 0x200d, 0x2642, 0xfe0f,
    0x1f9d7, 0x1f3fd, 0x200d, 0x2640, 0xfe0f, 0x1f9d7, 0x1f3fd, 0x200d, 0x2642, 0xfe0f, 0x1f9d7, 0x1f3fe,
    0x200d, 0x2640, 0xfe0f, 0x1f9d7, 0x1f3fe, 0x200d, 0x2642, 0xfe0f, 0x1f9d7, 0x1f3ff, 0x200d, 0x2640,
    0xfe0f, 0x1f9d7, 0x1f3ff, 0x200d, 0x2642, 0xfe0f, 0x1f9d8, 0x1f3fb, 0x200d, 0x2640, 0xfe0f, 0x1f9d8,
    0x1f3fb, 0x200d, 0x2642, 0xfe0f, 0x1f9d8, 0x1f3fc, 0x200d, 0x2640, 0xfe0f, 0x1f9d8, 0x1f3fc, 0x200d,
    0x2642, 0xfe0f, 0x1f9d8, 0x1f3fd, 0x200d, 0x2640, 0xfe0f, 0x1f9d8, 0x1f3fd, 0x200d, 0x2642, 0xfe0f,
    0x1f9d8, 0x1f3fe, 0x200d, 0x2640, 0xfe0f, 0x1f9d8, 0x1f3fe, 0x200d, 0x2642, 0xfe0f, 0x1f9d8, 0x1f3ff,
    0x200d, 0x2640, 0xfe0f, 0x1f9d8, 0x1f3ff, 0x200d, 0x2642, 0xfe0f, 0x1f9d9, 0x1f3fb, 0x200d, 0x2640,
    0xfe0f, 0x1f9d9, 0x1f3fb, 0x200d, 0x2642, 0xfe0f, 0x1f9d9, 0x1f3fc, 0x200d, 0x2640, 0xfe0f, 0x1f9d9,
    0x1f3fc, 0x200d, 0x2642, 0xfe0f, 0x1f9d9, 0x1f3fd, 0x200d, 0x2640, 0xfe0f, 0x1f9d9, 0x1f3fd, 0x200d,
    0x2642, 0xfe0f, 0x1f9d9, 0x1f3fe, 0x200d, 0x2640, 0xfe0f, 0x1f9d9, 0x1f3fe, 0x200d, 0x2642, 0xfe0f,
    0x1f9d9, 0x1f3ff, 0x200d, 0x2640, 0xfe0f, 0x1f9d9, 0x1f3ff, 0x200d, 0x2642, 0xfe0f, 0x1f9da, 0x1f3fb,
    0x200d, 0x2640, 0xfe0f, 0x1f9da, 0x1f3fb, 0x200d, 0x2642, 0xfe0f, 0x1f9da, 0x1f3fc, 0x200d, 0x2640,
    0xfe0f, 0x1f9da, 0x1f3fc, 0x200d, 0x2642, 0xfe0f, 0x1f9da, 0x1f3fd, 0x200d, 0x2640, 0xfe0f, 0x1f9da,
    0x1f3fd, 0x200d, 0x2642, 0xfe0f, 0x1f9da, 0x1f3fe, 0x200d, 0x2640, 0xfe0f, 0x1f9da, 0x1f3fe, 0x200d,
    0x2642, 0xfe0f, 0x1f9da, 0x1f3ff, 0x200d, 0x2640, 0xfe0f, 0x1f9da, 0x1f3ff, 0x200d, 0x2642, 0xfe0f,
    0x1f9db, 0x1f3fb, 0x200d, 0x2640, 0xfe0f, 0x1f9db, 0x1f3fb, 0x200d, 0x2642, 0xfe0f, 0x1f9db, 0x1f3fc,
    0x200d, 0x2640, 0xfe0f, 0x1f9db, 0x1f3fc, 0x200d, 0x2642, 0xfe0f, 0x1f9db, 0x1f3fd, 0x200d, 0x2640,
    0xfe0f, 0x1f9db, 0x1f3fd, 0x200d, 0x2642, 0xfe0f, 0x1f9db, 0x1f3fe, 0x200d, 0x2640, 0xfe0f, 0x1f9db,
    0x1f3fe, 0x200d, 0x2642, 0xfe0f, 0x1f9db, 0x1f3ff, 0x200d, 0x2640, 0xfe0f, 0x1f9db, 0x1f3ff, 0x200d,
    0x2642, 0xfe0f, 0x1f9dc, 0x1f3fb, 0x200d, 0x2640, 0xfe0f, 0x1f9dc, 0x1f3fb, 0x200d, 0x2642, 0xfe0f,
    0x1f9dc, 0x1f3fc, 0x200d, 0x2640, 0xfe0f, 0x1f9dc, 0x1f3fc, 0x200d, 0x2642, 0xfe0f, 0x1f9dc, 0x1f3fd,
    0x200d, 0x2640, 0xfe0f, 0x1f9dc, 0x1f3fd, 0x200d, 0x2642, 0xfe0f, 0x1f9dc, 0x1f3fe, 0x200d, 0x2640,
    0xfe0f, 0x1f9dc, 0x1f3fe, 0x200d, 0x2642, 0xfe0f, 0x1f9dc, 0x1f3ff, 0x200d, 0x2640, 0xfe0f, 0x1f9dc,
    0x1f3ff, 0x200d, 0x2642, 0xfe0f, 0x1f9dd, 0x1f3fb, 0x200d, 0x2640, 0xfe0f, 0x1f9dd, 0x1f3fb, 0x200d,
    0x2642, 0xfe0f, 0x1f9dd, 0x1f3fc, 0x200d, 0x2640, 0xfe0f, 0x1f9dd, 0x1f3fc, 0x200d, 0x2642, 0xfe0f,
    0x1f9dd, 0x1f3fd, 0x200d, 0x2640, 0xfe0f, 0x1f9dd, 0x1f3fd, 0x200d, 0x2642, 0xfe0f, 0x1f9dd, 0x1f3fe,
    0x200d, 0x2640, 0xfe0f, 0x1f9dd, 0x1f3fe, 0x200d, 0x2642, 0xfe0f, 0x1f9dd, 0x1f3ff, 0x200d, 0x2640,
    0xfe0f, 0x1f9dd, 0x1f3ff, 0x200d, 0x2642, 0xfe0f, 0x1faf1, 0x1f3fb, 0x200d, 0x1faf2, 0x1f3fc, 0x1faf1,
    0x1f3fb, 0x200d, 0x1faf2, 0x1f3fd, 0x1faf1, 0x1f3fb, 0x200d, 0x1faf2, 0x1f3fe, 0x1faf1, 0x1f3fb, 0x200d,
    0x1faf2, 0x1f3ff, 0x1faf1, 0x1f3fc, 0x200d, 0x1faf2, 0x1f3fb, 0x1faf1, 0x1f3fc, 0x200d, 0x1faf2, 0x1f3fd,
    0x1faf1, 0x1f3fc, 0x200d, 0x1faf2, 0x1f3fe, 0x1faf1, 0x1f3fc, 0x200d, 0x1faf2, 0x1f3ff, 0x1faf1, 0x1f3fd,
    0x200d, 0x1faf2, 0x1f3fb, 0x1faf1, 0x1f3fd, 0x200d, 0x1faf2, 0x1f3fc, 0x1faf1, 0x1f3fd, 0x200d, 0x1faf2,
    0x1f3fe, 0x1faf1, 0x1f3fd, 0x200d, 0x1faf2, 0x1f3ff, 0x1faf1, 0x1f3fe, 0x200d, 0x1faf2, 0x1f3fb, 0x1faf1,
    0x1f3fe, 0x200d, 0x1faf2, 0x1f3fc, 0x1faf1, 0x1f3fe, 0x200d, 0x1faf2, 0x1f3fd, 0x1faf1, 0x1f3fe, 0x200d,
    0x1faf2, 0x1f3ff, 0x1faf1, 0x1f3ff, 0x200d, 0x1faf2, 0x1f3fb, 0x1faf1, 0x1f3ff, 0x200d, 0x1faf2, 0x1f3fc,
    0x1faf1, 0x1f3ff, 0x200d, 0x1faf2, 0x1f3fd, 0x1faf1, 0x1f3ff, 0x200d, 0x1faf2, 0x1f3fe, 0x26d3, 0xfe0f,
    0x200d, 0x1f4a5, 0x2764, 0xfe0f, 0x200d, 0x1f525, 0x2764, 0xfe0f, 0x200d, 0x1fa79, 0x1f3c3, 0x200d,
    0x2640, 0xfe0f, 0x1f3c3, 0x200d, 0x2642, 0xfe0f, 0x1f3c3, 0x200d, 0x27a1, 0xfe0f, 0x1f3c4, 0x200d,
    0x2640, 0xfe0f, 0x1f3c4, 0x200d, 0x2642, 0xfe0f, 0x1f3ca, 0x200d, 0x2640, 0xfe0f, 0x1f3ca, 0x200d,
    0x2642, 0xfe0f, 0x1f3f3, 0xfe0f, 0x200d, 0x1f308, 0x1f3f4, 0x200d, 0x2620, 0xfe0f, 0x1f43b, 0x200d,
    0x2744, 0xfe0f, 0x1f468, 0x200d, 0x2695, 0xfe0f, 0x1f468, 0x200d, 0x2696, 0xfe0f, 0x1f468, 0x200d,
    0x2708, 0xfe0f, 0x1f468, 0x1f3fb, 0x200d, 0x1f33e, 0x1f468, 0x1f3fb, 0x200d, 0x1f373, 0x1f468, 0x1f3fb,
    0x200d, 0x1f37c, 0x1f468, 0x1f3fb, 0x200d, 0x1f393, 0x1f468, 0x1f3fb, 0x200d, 0x1f3a4, 0x1f468, 0x1f3fb,
    0x200d, 0x1f3a8, 0x1f468, 0x1f3fb, 0x200d, 0x1f3eb, 0x1f468, 0x1f3fb, 0x200d, 0x1f3ed, 0x1f468, 0x1f3fb,
    0x200d, 0x1f4bb, 0x1f468, 0x1f3fb, 0x200d, 0x1f4bc, 0x1f468, 0x1f3fb, 0x200d, 0x1f527, 0x1f468, 0x1f3fb,
    0x200d, 0x1f52c, 0x1f468, 0x1f3fb, 0x200d, 0x1f680, 0x1f468, 0x1f3fb, 0x200d, 0x1f692, 0x1f468, 0x1f3fb,
    0x200d, 0x1f9af, 0x1f468, 0x1f3fb, 0x200d, 0x1f9b0, 0x1f468, 0x1f3fb, 0x200d, 0x1f9b1, 0x1f468, 0x1f3fb,
    0x200d, 0x1f9b2, 0x1f468, 0x1f3fb, 0x200d, 0x1f9b3, 0x1f468, 0x1f3fb, 0x200d, 0x1f9bc, 0x1f468, 0x1f3fb,
    0x200d, 0x1f9bd, 0x1f468, 0x1f3fc, 0x200d, 0x1f33e, 0x1f468, 0x1f3fc, 0x200d, 0x1f373, 0x1f468, 0x1f3fc,
    0x200d, 0x1f37c, 0x1f468, 0x1f3fc, 0x200d, 0x1f393, 0x1f468, 0x1f3fc, 0x200d, 0x1f3a4, 0x1f468, 0x1f3fc,
    0x200d, 0x1f3a8, 0x1f468, 0x1f3fc, 0x200d, 0x1f3eb, 0x1f468, 0x1f3fc, 0x200d, 0x1f3ed, 0x1f468, 0x1f3fc,
    0x200d, 0x1f4bb, 0x1f468, 0x1f3fc, 0x200d, 0x1f4bc, 0x1f468, 0x1f3fc, 0x200d, 0x1f527, 0x1f468, 0x1f3fc,
    0x200d, 0x1f52c, 0x1f468, 0x1f3fc, 0x200d, 0x1f680, 0x1f468, 0x1f3fc, 0x200d, 0x1f692, 0x1f468, 0x1f3fc,
    0x200d, 0x1f9af, 0x1f468, 0x1f3fc, 0x200d, 0x1f9b0, 0x1f468, 0x1f3fc, 0x200d, 0x1f9b1, 0x1f468, 0x1f3fc,
    0x200d, 0x1f9b2, 0x1f468, 0x1f3fc, 0x200d, 0x1f9b3, 0x1f468, 0x1f3fc, 0x200d, 0x1f9bc, 0x1f468, 0x1f3fc,
    0x200d, 0x1f9bd, 0x1f468, 0x1f3fd, 0x200d, 0x1f33e, 0x1f468, 0x1f3fd, 0x200d, 0x1f373, 0x1f468, 0x1f3fd,
    0x200d, 0x1f37c, 0x1f468, 0x1f3fd, 0x200d, 0x1f393, 0x1f468, 0x1f3fd, 0x200d, 0x1f3a4, 0x1f468, 0x1f3fd,
    0x200d, 0x1f3a8, 0x1f468, 0x1f3fd, 0x200d, 0x1f3eb, 0x1f468, 0x1f3fd, 0x200d, 0x1f3ed, 0x1f468, 0x1f3fd,
    0x200d, 0x1f4bb, 0x1f468, 0x1f3fd, 0x200d, 0x1f4bc, 0x1f468, 0x1f3fd, 0x200d, 0x1f527, 0x1f468, 0x1f3fd,
    0x200d, 0x1f52c, 0x1f468, 0x1f3fd, 0x200d, 0x1f680, 0x1f468, 0x1f3fd, 0x200d, 0x1f692, 0x1f468, 0x1f3fd,
    0x200d, 0x1f9af, 0x1f468, 0x1f3fd, 0x200d, 0x1f9b0, 0x1f468, 0x1f3fd, 0x200d, 0x1f9b1, 0x1f468, 0x1f3fd,
    0x200d, 0x1f9b2, 0x1f468, 0x1f3fd, 0x200d, 0x1f9b3, 0x1f468, 0x1f3fd, 0x200d, 0x1f9bc, 0x1f468, 0x1f3fd,
    0x200d, 0x1f9bd, 0x1f468, 0x1f3fe, 0x200d, 0x1f33e, 0x1f468, 0x1f3fe, 0x200d, 0x1f373, 0x1f468, 0x1f3fe,
    0x200d, 0x1f37c, 0x1f468, 0x1f3fe, 0x200d, 0x1f393, 0x1f468, 0x1f3fe, 0x200d, 0x1f3a4, 0x1f468, 0x1f3fe,
    0x200d, 0x1f3a8, 0x1f468, 0x1f3fe, 0x200d, 0x1f3eb, 0x1f468, 0x1f3fe, 0x200d, 0x1f3ed, 0x1f468, 0x1f3fe,
    0x200d, 0x1f4bb, 0x1f468, 0x1f3fe, 0x200d, 0x1f4bc, 0x1f468, 0x1f3fe, 0x200d, 0x1f527, 0x1f468, 0x1f3fe,
    0x200d, 0x1f52c, 0x1f468, 0x1f3fe, 0x200d, 0x1f680, 0x1f468, 0x1f3fe, 0x200d, 0x1f692, 0x1f468, 0x1f3fe,
    0x200d, 0x1f9af, 0x1f468, 0x1f3fe, 0x200d, 0x1f9b0, 0x1f468, 0x1f3fe, 0x200d, 0x1f9b1, 0x1f468, 0x1f3fe,
    0x200d, 0x1f9b2, 0x1f468, 0x1f3fe, 0x200d, 0x1f9b3, 0x1f468, 0x1f3fe, 0x200d, 0x1f9bc, 0x1f468, 0x1f3fe,
    0x200d, 0x1f9bd, 0x1f468, 0x1f3ff, 0x200d, 0x1f33e, 0x1f468, 0x1f3ff, 0x200d, 0x1f373, 0x1f468, 0x1f3ff,
    0x200d, 0x1f37c, 0x1f468, 0x1f3ff, 0x200d, 0x1f393, 0x1f468, 0x1f3ff, 0x200d, 0x1f3a4, 0x1f468, 0x1f3ff,
    0x200d, 0x1f3a8, 0x1f468, 0x1f3ff, 0x200d, 0x1f3eb, 0x1f468, 0x1f3ff, 0x200d, 0x1f3ed, 0x1f468, 0x1f3ff,
    0x200d, 0x1f4bb, 0x1f468, 0x1f3ff, 0x200d, 0x1f4bc, 0x1f468, 0x1f3ff, 0x200d, 0x1f527, 0x1f468, 0x1f3ff,
    0x200d, 0x1f52c, 0x1f468, 0x1f3ff, 0x200d, 0x1f680, 0x1f468, 0x1f3ff, 0x200d, 0x1f692, 0x1f468, 0x1f3ff,
    0x200d, 0x1f9af, 0x1f468, 0x1f3ff, 0x200d, 0x1f9b0, 0x1f468, 0x1f3ff, 0x200d, 0x1f9b1, 0x1f468, 0x1f3ff,
    0x200d, 0x1f9b2, 0x1f468, 0x1f3ff, 0x200d, 0x1f9b3, 0x1f468, 0x1f3ff, 0x200d, 0x1f9bc, 0x1f468, 0x1f3ff,
    0x200d, 0x1f9bd, 0x1f469, 0x200d, 0x2695, 0xfe0f, 0x1f469, 0x200d, 0x2696, 0xfe0f, 0x1f469, 0x200d,
    0x2708, 0xfe0f, 0x1f469, 0x1f3fb, 0x200d, 0x1f33e, 0x1f469, 0x1f3fb, 0x200d, 0x1f373, 0x1f469, 0x1f3fb,
    0x200d, 0x1f37c, 0x1f469, 0x1f3fb, 0x200d, 0x1f393, 0x1f469, 0x1f3fb, 0x200d, 0x1f3a4, 0x1f469, 0x1f3fb,
    0x200d, 0x1f3a8, 0x1f469, 0x1f3fb, 0x200d, 0x1f3eb, 0x1f469, 0x1f3fb, 0x200d, 0x1f3ed, 0x1f469, 0x1f3fb,
    0x200d, 0x1f4bb, 0x1f469, 0x1f3fb, 0x200d, 0x1f4bc, 0x1f469, 0x1f3fb, 0x200d, 0x1f527, 0x1f469, 0x1f3fb,
    0x200d, 0x1f52c, 0x1f469, 0x1f3fb, 0x200d, 0x1f680, 0x1f469, 0x1f3fb, 0x200d, 0x1f692, 0x1f469, 0x1f3fb,
    0x200d, 0x1f9af, 0x1f469, 0x1f3fb, 0x200d, 0x1f9b0, 0x1f469, 0x1f3fb, 0x200d, 0x1f9b1, 0x1f469, 0x1f3fb,
    0x200d, 0x1f9b2, 0x1f469, 0x1f3fb, 0x200d, 0x1f9b3, 0x1f469, 0x1f3fb, 0x200d, 0x1f9bc, 0x1f469, 0x1f3fb,
    0x200d, 0x1f9bd, 0x1f469, 0x1f3fc, 0x200d, 0x1f33e, 0x1f469, 0x1f3fc, 0x200d, 0x1f373, 0x1f469, 0x1f3fc,
    0x200d, 0x1f37c, 0x1f469, 0x1f3fc, 0x200d, 0x1f393, 0x1f469, 0x1f3fc, 0x200d, 0x1f3a4, 0x1f469, 0x1f3fc,
    0x200d, 0x1f3a8, 0x1f469, 0x1f3fc, 0x200d, 0x1f3eb, 0x1f469, 0x1f3fc, 0x200d, 0x1f3ed, 0x1f469, 0x1f3fc,
    0x200d, 0x1f4bb, 0x1f469, 0x1f3fc, 0x200d, 0x1f4bc, 0x1f469, 0x1f3fc, 0x200d, 0x1f527, 0x1f469, 0x1f3fc,
    0x200d, 0x1f52c, 0x1f469, 0x1f3fc, 0x200d, 0x1f680, 0x1f469, 0x1f3fc, 0x200d, 0x1f692, 0x1f469, 0x1f3fc,
    0x200d, 0x1f9af, 0x1f469, 0x1f3fc, 0x200d, 0x1f9b0, 0x1f469, 0x1f3fc, 0x200d, 0x1f9b1, 0x1f469, 0x1f3fc,
    0x200d, 0x1f9b2, 0x1f469, 0x1f3fc, 0x200d, 0x1f9b3, 0x1f469, 0x1f3fc, 0x200d, 0x1f9bc, 0x1f469, 0x1f3fc,
    0x200d, 0x1f9bd, 0x1f469, 0x1f3fd, 0x200d, 0x1f33e, 0x1f469, 0x1f3fd, 0x200d, 0x1f373, 0x1f469, 0x1f3fd,
    0x200d, 0x1f37c, 0x1f469, 0x1f3fd, 0x200d, 0x1f393, 0x1f469, 0x1f3fd, 0x200d, 0x1f3a4, 0x1f469, 0x1f3fd,
    0x200d, 0x1f3a8, 0x1f469, 0x1f3fd, 0x200d, 0x1f3eb, 0x1f469, 0x1f3fd, 0x200d, 0x1f3ed, 0x1f469, 0x1f3fd,
    0x200d, 0x1f4bb, 0x1f469, 0x1f3fd, 0x200d, 0x1f4bc, 0x1f469, 0x1f3fd, 0x200d, 0x1f527, 0x1f469, 0x1f3fd,
    0x200d, 0x1f52c, 0x1f469, 0x1f3fd, 0x200d, 0x1f680, 0x1f469, 0x1f3fd, 0x200d, 0x1f692, 0x1f469, 0x1f3fd,
    0x200d, 0x1f9af, 0x1f469, 0x1f3fd, 0x200d, 0x1f9b0, 0x1f469, 0x1f3fd, 0x200d, 0x1f9b1, 0x1f469, 0x1f3fd,
    0x200d, 0x1f9b2, 0x1f469, 0x1f3fd, 0x200d, 0x1f9b3, 0x1f469, 0x1f3fd, 0x200d, 0x1f9bc, 0x1f469, 0x1f3fd,
    0x200d, 0x1f9bd, 0x1f469, 0x1f3fe, 0x200d, 0x1f33e, 0x1f469, 0x1f3fe, 0x200d, 0x1f373, 0x1f469, 0x1f3fe,
    0x200d, 0x1f37c, 0x1f469, 0x1f3fe, 0x200d, 0x1f393, 0x1f469, 0x1f3fe, 0x200d, 0x1f3a4, 0x1f469, 0x1f3fe,
    0x200d, 0x1f3a8, 0x1f469, 0x1f3fe, 0x200d, 0x1f3eb, 0x1f469, 0x1f3fe, 0x200d, 0x1f3ed, 0x1f469, 0x1f3fe,
    0x200d, 0x1f4bb, 0x1f469, 0x1f3fe, 0x200d, 0x1f4bc, 0x1f469, 0x1f3fe, 0x200d, 0x1f527, 0x1f469, 0x1f3fe,
    0x200d, 0x1f52c, 0x1f469, 0x1f3fe, 0x200d, 0x1f680, 0x1f469, 0x1f3fe, 0x200d, 0x1f692, 0x1f469, 0x1f3fe,
    0x200d, 0x1f9af, 0x1f469, 0x1f3fe, 0x200d, 0x1f9b0, 0x1f469, 0x1f3fe, 0x200d, 0x1f9b1, 0x1f469, 0x1f3fe,
    0x200d, 0x1f9b2, 0x1f469, 0x1f3fe, 0x200d, 0x1f9b3, 0x1f469, 0x1f3fe, 0x200d, 0x1f9bc, 0x1f469, 0x1f3fe,
    0x200d, 0x1f9bd, 0x1f469, 0x1f3ff, 0x200d, 0x1f33e, 0x1f469, 0x1f3ff, 0x200d, 0x1f373, 0x1f469, 0x1f3ff,
    0x200d, 0x1f37c, 0x1f469, 0x1f3ff, 0x200d, 0x1f393, 0x1f469, 0x1f3ff, 0x200d, 0x1f3a4, 0x1f469, 0x1f3ff,
    0x200d, 0x1f3a8, 0x1f469, 0x1f3ff, 0x200d, 0x1f3eb, 0x1f469, 0x1f3ff, 0x200d, 0x1f3ed, 0x1f469, 0x1f3ff,
    0x200d, 0x1f4bb, 0x1f469, 0x1f3ff, 0x200d, 0x1f4bc, 0x1f469, 0x1f3ff, 0x200d, 0x1f527, 0x1f469, 0x1f3ff,
    0x200d, 0x1f52c, 0x1f469, 0x1f3ff, 0x200d, 0x1f680, 0x1f469, 0x1f3ff, 0x200d, 0x1f692, 0x1f469, 0x1f3ff,
    0x200d, 0x1f9af, 0x1f469, 0x1f3ff, 0x200d, 0x1f9b0, 0x1f469, 0x1f3ff, 0x200d, 0x1f9b1, 0x1f469, 0x1f3ff,
    0x200d, 0x1f9b2, 0x1f469, 0x1f3ff, 0x200d, 0x1f9b3, 0x1f469, 0x1f3ff, 0x200d, 0x1f9bc, 0x1f469, 0x1f3ff,
    0x200d, 0x1f9bd, 0x1f46e, 0x200d, 0x2640, 0xfe0f, 0x1f46e, 0x200d, 0x2642, 0xfe0f, 0x1f46f, 0x200d,
    0x2640, 0xfe0f, 0x1f46f, 0x200d, 0x2642, 0xfe0f, 0x1f470, 0x200d, 0x2640, 0xfe0f, 0x1f470, 0x200d,
    0x2642, 0xfe0f, 0x1f471, 0x200d, 0x2640, 0xfe0f, 0x1f471, 0x200d, 0x2642, 0xfe0f, 0x1f473, 0x200d,
    0x2640, 0xfe0f, 0x1f473, 0x200d, 0x2642, 0xfe0f, 0x1f477, 0x200d, 0x2640, 0xfe0f, 0x1f477, 0x200d,
    0x2642, 0xfe0f, 0x1f481, 0x200d, 0x2640, 0xfe0f, 0x1f481, 0x200d, 0x2642, 0xfe0f, 0x1f482, 0x200d,
    0x2640, 0xfe0f, 0x1f482, 0x200d, 0x2642, 0xfe0f, 0x1f486, 0x200d, 0x2640, 0xfe0f, 0x1f486, 0x200d,
    0x2642, 0xfe0f, 0x1f487, 0x200d, 0x2640, 0xfe0f, 0x1f487, 0x200d, 0x2642, 0xfe0f, 0x1f636, 0x200d,
    0x1f32b, 0xfe0f, 0x1f642, 0x200d, 0x2194, 0xfe0f, 0x1f642, 0x200d, 0x2195, 0xfe0f, 0x1f645, 0x200d,
    0x2640, 0xfe0f, 0x1f645, 0x200d, 0x2642, 0xfe0f, 0x1f646, 0x200d, 0x2640, 0xfe0f, 0x1f646, 0x200d,
    0x2642, 0xfe0f, 0x1f647, 0x200d, 0x2640, 0xfe0f, 0x1f647, 0x200d, 0x2642, 0xfe0f, 0x1f64b, 0x200d,
    0x2640, 0xfe0f, 0x1f64b, 0x200d, 0x2642, 0xfe0f, 0x1f64d, 0x200d, 0x2640, 0xfe0f, 0x1f64d, 0x200d,
    0x2642, 0xfe0f, 0x1f64e, 0x200d, 0x2640, 0xfe0f, 0x1f64e, 0x200d, 0x2642, 0xfe0f, 0x1f6a3, 0x200d,
    0x2640, 0xfe0f, 0x1f6a3, 0x200d, 0x2642, 0xfe0f, 0x1f6b4, 0x200d, 0x2640, 0xfe0f, 0x1f6b4, 0x200d,
    0x2642, 0xfe0f, 0x1f6b5, 0x200d, 0x2640, 0xfe0f, 0x1f6b5, 0x200d, 0x2642, 0xfe0f, 0x1f6b6, 0x200d,
    0x2640, 0xfe0f, 0x1f6b6, 0x200d, 0x2642, 0xfe0f, 0x1f6b6, 0x200d, 0x27a1, 0xfe0f, 0x1f926, 0x200d,
    0x2640, 0xfe0f, 0x1f926, 0x200d, 0x2642, 0xfe0f, 0x1f935, 0x200d, 0x2640, 0xfe0f, 0x1f935, 0x200d,
    0x2642, 0xfe0f, 0x1f937, 0x200d, 0x2640, 0xfe0f, 0x1f937, 0x200d, 0x2642, 0xfe0f, 0x1f938, 0x200d,
    0x2640, 0xfe0f, 0x1f938, 0x200d, 0x2642, 0xfe0f, 0x1f939, 0x200d, 0x2640, 0xfe0f, 0x1f939, 0x200d,
    0x2642, 0xfe0f, 0x1f93c, 0x200d, 0x2640, 0xfe0f, 0x1f93c, 0x200d, 0x2642, 0xfe0f, 0x1f93d, 0x200d,
    0x2640, 0xfe0f, 0x1f93d, 0x200d, 0x2642, 0xfe0f, 0x1f93e, 0x200d, 0x2640, 0xfe0f, 0x1f93e, 0x200d,
    0x2642, 0xfe0f, 0x1f9b8, 0x200d, 0x2640, 0xfe0f, 0x1f9b8, 0x200d, 0x2642, 0xfe0f, 0x1f9b9, 0x200d,
    0x2640, 0xfe0f, 0x1f9b9, 0x200d, 0x2642, 0xfe0f, 0x1f9cd, 0x200d, 0x2640, 0xfe0f, 0x1f9cd, 0x200d,
    0x2642, 0xfe0f, 0x1f9ce, 0x200d, 0x2640, 0xfe0f, 0x1f9ce, 0x200d, 0x2642, 0xfe0f, 0x1f9ce, 0x200d,
    0x27a1, 0xfe0f, 0x1f9cf, 0x200d, 0x2640, 0xfe0f, 0x1f9cf, 0x200d, 0x2642, 0xfe0f, 0x1f9d1, 0x200d,
    0x2695, 0xfe0f, 0x1f9d1, 0x200d, 0x2696, 0xfe0f, 0x1f9d1, 0x200d, 0x2708, 0xfe0f, 0x1f9d1, 0x1f3fb,
    0x200d, 0x1f33e, 0x1f9d1, 0x1f3fb, 0x200d, 0x1f373, 0x1f9d1, 0x1f3fb, 0x200d, 0x1f37c, 0x1f9d1, 0x1f3fb,
    0x200d, 0x1f384, 0x1f9d1, 0x1f3fb, 0x200d, 0x1f393, 0x1f9d1, 0x1f3fb, 0x200d, 0x1f3a4, 0x1f9d1, 0x1f3fb,
    0x200d, 0x1f3a8, 0x1f9d1, 0x1f3fb, 0x200d, 0x1f3eb, 0x1f9d1, 0x1f3fb, 0x200d, 0x1f3ed, 0x1f9d1, 0x1f3fb,
    0x200d, 0x1f4bb, 0x1f9d1, 0x1f3fb, 0x200d, 0x1f4bc, 0x1f9d1, 0x1f3fb, 0x200d, 0x1f527, 0x1f9d1, 0x1f3fb,
    0x200d, 0x1f52c, 0x1f9d1, 0x1f3fb, 0x200d, 0x1f680, 0x1f9d1, 0x1f3fb, 0x200d, 0x1f692, 0x1f9d1, 0x1f3fb,
    0x200d, 0x1f9af, 0x1f9d1, 0x1f3fb, 0x200d, 0x1f9b0, 0x1f9d1, 0x1f3fb, 0x200d, 0x1f9b1, 0x1f9d1, 0x1f3fb,
    0x200d, 0x1f9b2, 0x1f9d1, 0x1f3fb, 0x200d, 0x1f9b3, 0x1f9d1, 0x1f3fb, 0x200d, 0x1f9bc, 0x1f9d1, 0x1f3fb,
    0x200d, 0x1f9bd, 0x1f9d1, 0x1f3fb, 0x200d, 0x1fa70, 0x1f9d1, 0x1f3fc, 0x200d, 0x1f33e, 0x1f9d1, 0x1f3fc,
    0x200d, 0x1f373, 0x1f9d1, 0x1f3fc, 0x200d, 0x1f37c, 0x1f9d1, 0x1f3fc, 0x200d, 0x1f384, 0x1f9d1, 0x1f3fc,
    0x200d, 0x1f393, 0x1f9d1, 0x1f3fc, 0x200d, 0x1f3a4, 0x1f9d1, 0x1f3fc, 0x200d, 0x1f3a8, 0x1f9d1, 0x1f3fc,
    0x200d, 0x1f3eb, 0x1f9d1, 0x1f3fc, 0x200d, 0x1f3ed, 0x1f9d1, 0x1f3fc, 0x200d, 0x1f4bb, 0x1f9d1, 0x1f3fc,
    0x200d, 0x1f4bc, 0x1f9d1, 0x1f3fc, 0x200d, 0x1f527, 0x1f9d1, 0x1f3fc, 0x200d, 0x1f52c, 0x1f9d1, 0x1f3fc,
    0x200d, 0x1f680, 0x1f9d1, 0x1f3fc, 0x200d, 0x1f692, 0x1f9d1, 0x1f3fc, 0x200d, 0x1f9af, 0x1f9d1, 0x1f3fc,
    0x200d, 0x1f9b0, 0x1f9d1, 0x1f3fc, 0x200d, 0x1f9b1, 0x1f9d1, 0x1f3fc, 0x200d, 0x1f9b2, 0x1f9d1, 0x1f3fc,
    0x200d, 0x1f9b3, 0x1f9d1, 0x1f3fc, 0x200d, 0x1f9bc, 0x1f9d1, 0x1f3fc, 0x200d, 0x1f9bd, 0x1f9d1, 0x1f3fc,
    0x200d, 0x1fa70, 0x1f9d1, 0x1f3fd, 0x200d, 0x1f33e, 0x1f9d1, 0x1f3fd, 0x200d, 0x1f373, 0x1f9d1, 0x1f3fd,
    0x200d, 0x1f37c, 0x1f9d1, 0x1f3fd, 0x200d, 0x1f384, 0x1f9d1, 0x1f3fd, 0x200d, 0x1f393, 0x1f9d1, 0x1f3fd,
    0x200d, 0x1f3a4, 0x1f9d1, 0x1f3fd, 0x200d, 0x1f3a8, 0x1f9d1, 0x1f3fd, 0x200d, 0x1f3eb, 0x1f9d1, 0x1f3fd,
    0x200d, 0x1f3ed, 0x1f9d1, 0x1f3fd, 0x200d, 0x1f4bb, 0x1f9d1, 0x1f3fd, 0x200d, 0x1f4bc, 0x1f9d1, 0x1f3fd,
    0x200d, 0x1f527, 0x1f9d1, 0x1f3fd, 0x200d, 0x1f52c, 0x1f9d1, 0x1f3fd, 0x200d, 0x1f680, 0x1f9d1, 0x1f3fd,
    0x200d, 0x1f692, 0x1f9d1, 0x1f3fd, 0x200d, 0x1f9af, 0x1f9d1, 0x1f3fd, 0x200d, 0x1f9b0, 0x1f9d1, 0x1f3fd,
    0x200d, 0x1f9b1, 0x1f9d1, 0x1f3fd, 0x200d, 0x1f9b2, 0x1f9d1, 0x1f3fd, 0x200d, 0x1f9b3, 0x1f9d1, 0x1f3fd,
    0x200d, 0x1f9bc, 0x1f9d1, 0x1f3fd, 0x200d, 0x1f9bd, 0x1f9d1, 0x1f3fd, 0x200d, 0x1fa70, 0x1f9d1, 0x1f3fe,
    0x200d, 0x1f33e, 0x1f9d1, 0x1f3fe, 0x200d, 0x1f373, 0x1f9d1, 0x1f3fe, 0x200d, 0x1f37c, 0x1f9d1, 0x1f3fe,
    0x200d, 0x1f384, 0x1f9d1, 0x1f3fe, 0x200d, 0x1f393, 0x1f9d1, 0x1f3fe, 0x200d, 0x1f3a4, 0x1f9d1, 0x1f3fe,
    0x200d, 0x1f3a8, 0x1f9d1, 0x1f3fe, 0x200d, 0x1f3eb, 0x1f9d1, 0x1f3fe, 0x200d, 0x1f3ed, 0x1f9d1, 0x1f3fe,
    0x200d, 0x1f4bb, 0x1f9d1, 0x1f3fe, 0x200d, 0x1f4bc, 0x1f9d1, 0x1f3fe, 0x200d, 0x1f527, 0x1f9d1, 0x1f3fe,
    0x200d, 0x1f52c, 0x1f9d1, 0x1f3fe, 0x200d, 0x1f680, 0x1f9d1, 0x1f3fe, 0x200d, 0x1f692, 0x1f9d1, 0x1f3fe,
    0x200d, 0x1f9af, 0x1f9d1, 0x1f3fe, 0x200d, 0x1f9b0, 0x1f9d1, 0x1f3fe, 0x200d, 0x1f9b1, 0x1f9d1, 0x1f3fe,
    0x200d, 0x1f9b2, 0x1f9d1, 0x1f3fe, 0x200d, 0x1f9b3, 0x1f9d1, 0x1f3fe, 0x200d, 0x1f9bc, 0x1f9d1, 0x1f3fe,
    0x200d, 0x1f9bd, 0x1f9d1, 0x1f3fe, 0x200d, 0x1fa70, 0x1f9d1, 0x1f3ff, 0x200d, 0x1f33e, 0x1f9d1, 0x1f3ff,
    0x200d, 0x1f373, 0x1f9d1, 0x1f3ff, 0x200d, 0x1f37c, 0x1f9d1, 0x1f3ff, 0x200d, 0x1f384, 0x1f9d1, 0x1f3ff,
    0x200d, 0x1f393, 0x1f9d1, 0x1f3ff, 0x200d, 0x1f3a4, 0x1f9d1, 0x1f3ff, 0x200d, 0x1f3a8, 0x1f9d1, 0x1f3ff,
    0x200d, 0x1f3eb, 0x1f9d1, 0x1f3ff, 0x200d, 0x1f3ed, 0x1f9d1, 0x1f3ff, 0x200d, 0x1f4bb, 0x1f9d1, 0x1f3ff,
    0x200d, 0x1f4bc, 0x1f9d1, 0x1f3ff, 0x200d, 0x1f527, 0x1f9d1, 0x1f3ff, 0x200d, 0x1f52c, 0x1f9d1, 0x1f3ff,
    0x200d, 0x1f680, 0x1f9d1, 0x1f3ff, 0x200d, 0x1f692, 0x1f9d1, 0x1f3ff, 0x200d, 0x1f9af, 0x1f9d1, 0x1f3ff,
    0x200d, 0x1f9b0, 0x1f9d1, 0x1f3ff, 0x200d, 0x1f9b1, 0x1f9d1, 0x1f3ff, 0x200d, 0x1f9b2, 0x1f9d1, 0x1f3ff,
    0x200d, 0x1f9b3, 0x1f9d1, 0x1f3ff, 0x200d, 0x1f9bc, 0x1f9d1, 0x1f3ff, 0x200d, 0x1f9bd, 0x1f9d1, 0x1f3ff,
    0x200d, 0x1fa70, 0x1f9d4, 0x200d, 0x2640, 0xfe0f, 0x1f9d4, 0x200d, 0x2642, 0xfe0f, 0x1f9d6, 0x200d,
    0x2640, 0xfe0f, 0x1f9d6, 0x200d, 0x2642, 0xfe0f, 0x1f9d7, 0x200d, 0x2640, 0xfe0f, 0x1f9d7, 0x200d,
    0x2642, 0xfe0f, 0x1f9d8, 0x200d, 0x2640, 0xfe0f, 0x1f9d8, 0x200d, 0x2642, 0xfe0f, 0x1f9d9, 0x200d,
    0x2640, 0xfe0f, 0x1f9d9, 0x200d, 0x2642, 0xfe0f, 0x1f9da, 0x200d, 0x2640, 0xfe0f, 0x1f9da, 0x200d,
    0x2642, 0xfe0f, 0x1f9db, 0x200d, 0x2640, 0xfe0f, 0x1f9db, 0x200d, 0x2642, 0xfe0f, 0x1f9dc, 0x200d,
    0x2640, 0xfe0f, 0x1f9dc, 0x200d, 0x2642, 0xfe0f, 0x1f9dd, 0x200d, 0x2640, 0xfe0f, 0x1f9dd, 0x200d,
    0x2642, 0xfe0f, 0x1f9de, 0x200d, 0x2640, 0xfe0f, 0x1f9de, 0x200d, 0x2642, 0xfe0f, 0x1f9df, 0x200d,
    0x2640, 0xfe0f, 0x1f9df, 0x200d, 0x2642, 0xfe0f, 0x1f344, 0x200d, 0x1f7eb, 0x1f34b, 0x200d, 0x1f7e9,
    0x1f408, 0x200d, 0x2b1b, 0x1f415, 0x200d, 0x1f9ba, 0x1f426, 0x200d, 0x2b1b, 0x1f426, 0x200d, 0x1f525,
    0x1f468, 0x200d, 0x1f33e, 0x1f468, 0x200d, 0x1f373, 0x1f468, 0x200d, 0x1f37c, 0x1f468, 0x200d, 0x1f393,
    0x1f468, 0x200d, 0x1f3a4, 0x1f468, 0x200d, 0x1f3a8, 0x1f468, 0x200d, 0x1f3eb, 0x1f468, 0x200d, 0x1f3ed,
    0x1f468, 0x200d, 0x1f466, 0x1f468, 0x200d, 0x1f467, 0x1f468, 0x200d, 0x1f4bb, 0x1f468, 0x200d, 0x1f4bc,
    0x1f468, 0x200d, 0x1f527, 0x1f468, 0x200d, 0x1f52c, 0x1f468, 0x200d, 0x1f680, 0x1f468, 0x200d, 0x1f692,
    0x1f468, 0x200d, 0x1f9af, 0x1f468, 0x200d, 0x1f9b0, 0x1f468, 0x200d, 0x1f9b1, 0x1f468, 0x200d, 0x1f9b2,
    0x1f468, 0x200d, 0x1f9b3, 0x1f468, 0x200d, 0x1f9bc, 0x1f468, 0x200d, 0x1f9bd, 0x1f469, 0x200d, 0x1f33e,
    0x1f469, 0x200d, 0x1f373, 0x1f469, 0x200d, 0x1f37c, 0x1f469, 0x200d, 0x1f393, 0x1f469, 0x200d, 0x1f3a4,
    0x1f469, 0x200d, 0x1f3a8, 0x1f469, 0x200d, 0x1f3eb, 0x1f469, 0x200d, 0x1f3ed, 0x1f469, 0x200d, 0x1f466,
    0x1f469, 0x200d, 0x1f467, 0x1f469, 0x200d, 0x1f4bb, 0x1f469, 0x200d, 0x1f4bc, 0x1f469, 0x200d, 0x1f527,
    0x1f469, 0x200d, 0x1f52c, 0x1f469, 0x200d, 0x1f680, 0x1f469, 0x200d, 0x1f692, 0x1f469, 0x200d, 0x1f9af,
    0x1f469, 0x200d, 0x1f9b0, 0x1f469, 0x200d, 0x1f9b1, 0x1f469, 0x200d, 0x1f9b2, 0x1f469, 0x200d, 0x1f9b3,
    0x1f469, 0x200d, 0x1f9bc, 0x1f469, 0x200d, 0x1f9bd, 0x1f62e, 0x200d, 0x1f4a8, 0x1f635, 0x200d, 0x1f4ab,
    0x1f9d1, 0x200d, 0x1f33e, 0x1f9d1, 0x200d, 0x1f373, 0x1f9d1, 0x200d, 0x1f37c, 0x1f9d1, 0x200d, 0x1f384,
    0x1f9d1, 0x200d, 0x1f393, 0x1f9d1, 0x200d, 0x1f3a4, 0x1f9d1, 0x200d, 0x1f3a8, 0x1f9d1, 0x200d, 0x1f3eb,
    0x1f9d1, 0x200d, 0x1f3ed, 0x1f9d1, 0x200d, 0x1f4bb, 0x1f9d1, 0x200d, 0x1f4bc, 0x1f9d1, 0x200d, 0x1f527,
    0x1f9d1, 0x200d, 0x1f52c, 0x1f9d1, 0x200d, 0x1f680, 0x1f9d1, 0x200d, 0x1f692, 0x1f9d1, 0x200d, 0x1f9af,
    0x1f9d1, 0x200d, 0x1f9b0, 0x1f9d1, 0x200d, 0x1f9b1, 0x1f9d1, 0x200d, 0x1f9b2, 0x1f9d1, 0x200d, 0x1f9b3,
    0x1f9d1, 0x200d, 0x1f9bc, 0x1f9d1, 0x200d, 0x1f9bd, 0x1f9d1, 0x200d, 0x1f9d2, 0x1f9d1, 0x200d, 0x1fa70,
    0x261d, 0x1f3fb, 0x261d, 0x1f3fc, 0x261d, 0x1f3fd, 0x261d, 0x1f3fe, 0x261d, 0x1f3ff, 0x26f9, 0x1f3fb,
    0x26f9, 0x1f3fc, 0x26f9, 0x1f3fd, 0x26f9, 0x1f3fe, 0x26f9, 0x1f3ff, 0x270a, 0x1f3fb, 0x270a, 0x1f3fc,
    0x270a, 0x1f3fd, 0x270a, 0x1f3fe, 0x270a, 0x1f3ff, 0x270b, 0x1f3fb, 0x270b, 0x1f3fc, 0x270b, 0x1f3fd,
    0x270b, 0x1f3fe, 0x270b, 0x1f3ff, 0x270c, 0x1f3fb, 0x270c, 0x1f3fc, 0x270c, 0x1f3fd, 0x270c, 0x1f3fe,
    0x270c, 0x1f3ff, 0x270d, 0x1f3fb, 0x270d, 0x1f3fc, 0x270d, 0x1f3fd, 0x270d, 0x1f3fe, 0x270d, 0x1f3ff,
    0x1f1e6, 0x1f1e8, 0x1f1e6, 0x1f1e9, 0x1f1e6, 0x1f1ea, 0x1f1e6, 0x1f1eb, 0x1f1e6, 0x1f1ec, 0x1f1e6, 0x1f1ee,
    0x1f1e6, 0x1f1f1, 0x1f1e6, 0x1f1f2, 0x1f1e6, 0x1f1f4, 0x1f1e6, 0x1f1f6, 0x1f1e6, 0x1f1f7, 0x1f1e6, 0x1f1f8,
    0x1f1e6, 0x1f1f9, 0x1f1e6, 0x1f1fa, 0x1f1e6, 0x1f1fc, 0x1f1e6, 0x1f1fd, 0x1f1e6, 0x1f1ff, 0x1f1e7, 0x1f1e6,
    0x1f1e7, 0x1f1e7, 0x1f1e7, 0x1f1e9, 0x1f1e7, 0x1f1ea, 0x1f1e7, 0x1f1eb, 0x1f1e7, 0x1f1ec, 0x1f1e7, 0x1f1ed,
    0x1f1e7, 0x1f1ee, 0x1f1e7, 0x1f1ef, 0x1f1e7, 0x1f1f1, 0x1f1e7, 0x1f1f2, 0x1f1e7, 0x1f1f3, 0x1f1e7, 0x1f1f4,
    0x1f1e7, 0x1f1f6, 0x1f1e7, 0x1f1f7, 0x1f1e7, 0x1f1f8, 0x1f1e7, 0x1f1f9, 0x1f1e7, 0x1f1fb, 0x1f1e7, 0x1f1fc,
    0x1f1e7, 0x1f1fe, 0x1f1e7, 0x1f1ff, 0x1f1e8, 0x1f1e6, 0x1f1e8, 0x1f1e8, 0x1f1e8, 0x1f1e9, 0x1f1e8, 0x1f1eb,
    0x1f1e8, 0x1f1ec, 0x1f1e8, 0x1f1ed, 0x1f1e8, 0x1f1ee, 0x1f1e8, 0x1f1f0, 0x1f1e8, 0x1f1f1, 0x1f1e8, 0x1f1f2,
    0x1f1e8, 0x1f1f3, 0x1f1e8, 0x1f1f4, 0x1f1e8, 0x1f1f5, 0x1f1e8, 0x1f1f6, 0x1f1e8, 0x1f1f7, 0x1f1e8, 0x1f1fa,
    0x1f1e8, 0x1f1fb, 0x1f1e8, 0x1f1fc, 0x1f1e8, 0x1f1fd, 0x1f1e8, 0x1f1fe, 0x1f1e8, 0x1f1ff, 0x1f1e9, 0x1f1ea,
    0x1f1e9, 0x1f1ec, 0x1f1e9, 0x1f1ef, 0x1f1e9, 0x1f1f0, 0x1f1e9, 0x1f1f2, 0x1f1e9, 0x1f1f4, 0x1f1e9, 0x1f1ff,
    0x1f1ea, 0x1f1e6, 0x1f1ea, 0x1f1e8, 0x1f1ea, 0x1f1ea, 0x1f1ea, 0x1f1ec, 0x1f1ea, 0x1f1ed, 0x1f1ea, 0x1f1f7,
    0x1f1ea, 0x1f1f8, 0x1f1ea, 0x1f1f9, 0x1f1ea, 0x1f1fa, 0x1f1eb, 0x1f1ee, 0x1f1eb, 0x1f1ef, 0x1f1eb, 0x1f1f0,
    0x1f1eb, 0x1f1f2, 0x1f1eb, 0x1f1f4, 0x1f1eb, 0x1f1f7, 0x1f1ec, 0x1f1e6, 0x1f1ec, 0x1f1e7, 0x1f1ec, 0x1f1e9,
    0x1f1ec, 0x1f1ea, 0x1f1ec, 0x1f1eb, 0x1f1ec, 0x1f1ec, 0x1f1ec, 0x1f1ed, 0x1f1ec, 0x1f1ee, 0x1f1ec, 0x1f1f1,
    0x1f1ec, 0x1f1f2, 0x1f1ec, 0x1f1f3, 0x1f1ec, 0x1f1f5, 0x1f1ec, 0x1f1f6, 0x1f1ec, 0x1f1f7, 0x1f1ec, 0x1f1f8,
    0x1f1ec, 0x1f1f9, 0x1f1ec, 0x1f1fa, 0x1f1ec, 0x1f1fc, 0x1f1ec, 0x1f1fe, 0x1f1ed, 0x1f1f0, 0x1f1ed, 0x1f1f2,
    0x1f1ed, 0x1f1f3, 0x1f1ed, 0x1f1f7, 0x1f1ed, 0x1f1f9, 0x1f1ed, 0x1f1fa, 0x1f1ee, 0x1f1e8, 0x1f1ee, 0x1f1e9,
    0x1f1ee, 0x1f1ea, 0x1f1ee, 0x1f1f1, 0x1f1ee, 0x1f1f2, 0x1f1ee, 0x1f1f3, 0x1f1ee, 0x1f1f4, 0x1f1ee, 0x1f1f6,
    0x1f1ee, 0x1f1f7, 0x1f1ee, 0x1f1f8, 0x1f1ee, 0x1f1f9, 0x1f1ef, 0x1f1ea, 0x1f1ef, 0x1f1f2, 0x1f1ef, 0x1f1f4,
    0x1f1ef, 0x1f1f5, 0x1f1f0, 0x1f1ea, 0x1f1f0, 0x1f1ec, 0x1f1f0, 0x1f1ed, 0x1f1f0, 0x1f1ee, 0x1f1f0, 0x1f1f2,
    0x1f1f0, 0x1f1f3, 0x1f1f0, 0x1f1f5, 0x1f1f0, 0x1f1f7, 0x1f1f0, 0x1f1fc, 0x1f1f0, 0x1f1fe, 0x1f1f0, 0x1f1ff,
    0x1f1f1, 0x1f1e6, 0x1f1f1, 0x1f1e7, 0x1f1f1, 0x1f1e8, 0x1f1f1, 0x1f1ee, 0x1f1f1, 0x1f1f0, 0x1f1f1, 0x1f1f7,
    0x1f1f1, 0x1f1f8, 0x1f1f1, 0x1f1f9, 0x1f1f1, 0x1f1fa, 0x1f1f1, 0x1f1fb, 0x1f1f1, 0x1f1fe, 0x1f1f2, 0x1f1e6,
    0x1f1f2, 0x1f1e8, 0x1f1f2, 0x1f1e9, 0x1f1f2, 0x1f1ea, 0x1f1f2, 0x1f1eb, 0x1f1f2, 0x1f1ec, 0x1f1f2, 0x1f1ed,
    0x1f1f2, 0x1f1f0, 0x1f1f2, 0x1f1f1, 0x1f1f2, 0x1f1f2, 0x1f1f2, 0x1f1f3, 0x1f1f2, 0x1f1f4, 0x1f1f2, 0x1f1f5,
    0x1f1f2, 0x1f1f6, 0x1f1f2, 0x1f1f7, 0x1f1f2, 0x1f1f8, 0x1f1f2, 0x1f1f9, 0x1f1f2, 0x1f1fa, 0x1f1f2, 0x1f1fb,
    0x1f1f2, 0x1f1fc, 0x1f1f2, 0x1f1fd, 0x1f1f2, 0x1f1fe, 0x1f1f2, 0x1f1ff, 0x1f1f3, 0x1f1e6, 0x1f1f3, 0x1f1e8,
    0x1f1f3, 0x1f1ea, 0x1f1f3, 0x1f1eb, 0x1f1f3, 0x1f1ec, 0x1f1f3, 0x1f1ee, 0x1f1f3, 0x1f1f1, 0x1f1f3, 0x1f1f4,
    0x1f1f3, 0x1f1f5, 0x1f1f3, 0x1f1f7, 0x1f1f3, 0x1f1fa, 0x1f1f3, 0x1f1ff, 0x1f1f4, 0x1f1f2, 0x1f1f5, 0x1f1e6,
    0x1f1f5, 0x1f1ea, 0x1f1f5, 0x1f1eb, 0x1f1f5, 0x1f1ec, 0x1f1f5, 0x1f1ed, 0x1f1f5, 0x1f1f0, 0x1f1f5, 0x1f1f1,
    0x1f1f5, 0x1f1f2, 0x1f1f5, 0x1f1f3, 0x1f1f5, 0x1f1f7, 0x1f1f5, 0x1f1f8, 0x1f1f5, 0x1f1f9, 0x1f1f5, 0x1f1fc,
    0x1f1f5, 0x1f1fe, 0x1f1f6, 0x1f1e6, 0x1f1f7, 0x1f1ea, 0x1f1f7, 0x1f1f4, 0x1f1f7, 0x1f1f8, 0x1f1f7, 0x1f1fa,
    0x1f1f7, 0x1f1fc, 0x1f1f8, 0x1f1e6, 0x1f1f8, 0x1f1e7, 0x1f1f8, 0x1f1e8, 0x1f1f8, 0x1f1e9, 0x1f1f8, 0x1f1ea,
    0x1f1f8, 0x1f1ec, 0x1f1f8, 0x1f1ed, 0x1f1f8, 0x1f1ee, 0x1f1f8, 0x1f1ef, 0x1f1f8, 0x1f1f0, 0x1f1f8, 0x1f1f1,
    0x1f1f8, 0x1f1f2, 0x1f1f8, 0x1f1f3, 0x1f1f8, 0x1f1f4, 0x1f1f8, 0x1f1f7, 0x1f1f8, 0x1f1f8, 0x1f1f8, 0x1f1f9,
    0x1f1f8, 0x1f1fb, 0x1f1f8, 0x1f1fd, 0x1f1f8, 0x1f1fe, 0x1f1f8, 0x1f1ff, 0x1f1f9, 0x1f1e6, 0x1f1f9, 0x1f1e8,
    0x1f1f9, 0x1f1e9, 0x1f1f9, 0x1f1eb, 0x1f1f9, 0x1f1ec, 0x1f1f9, 0x1f1ed, 0x1f1f9, 0x1f1ef, 0x1f1f9, 0x1f1f0,
    0x1f1f9, 0x1f1f1, 0x1f1f9, 0x1f1f2, 0x1f1f9, 0x1f1f3, 0x1f1f9, 0x1f1f4, 0x1f1f9, 0x1f1f7, 0x1f1f9, 0x1f1f9,
    0x1f1f9, 0x1f1fb, 0x1f1f9, 0x1f1fc, 0x1f1f9, 0x1f1ff, 0x1f1fa, 0x1f1e6, 0x1f1fa, 0x1f1ec, 0x1f1fa, 0x1f1f2,
    0x1f1fa, 0x1f1f3, 0x1f1fa, 0x1f1f8, 0x1f1fa, 0x1f1fe, 0x1f1fa, 0x1f1ff, 0x1f1fb, 0x1f1e6, 0x1f1fb, 0x1f1e8,
    0x1f1fb, 0x1f1ea, 0x1f1fb, 0x1f1ec, 0x1f1fb, 0x1f1ee, 0x1f1fb, 0x1f1f3, 0x1f1fb, 0x1f1fa, 0x1f1fc, 0x1f1eb,
    0x1f1fc, 0x1f1f8, 0x1f1fd, 0x1f1f0, 0x1f1fe, 0x1f1ea, 0x1f1fe, 0x1f1f9, 0x1f1ff, 0x1f1e6, 0x1f1ff, 0x1f1f2,
    0x1f1ff, 0x1f1fc, 0x1f385, 0x1f3fb, 0x1f385, 0x1f3fc, 0x1f385, 0x1f3fd, 0x1f385, 0x1f3fe, 0x1f385, 0x1f3ff,
    0x1f3c2, 0x1f3fb, 0x1f3c2, 0x1f3fc, 0x1f3c2, 0x1f3fd, 0x1f3c2, 0x1f3fe, 0x1f3c2, 0x1f3ff, 0x1f3c3, 0x1f3fb,
    0x1f3c3, 0x1f3fc, 0x1f3c3, 0x1f3fd, 0x1f3c3, 0x1f3fe, 0x1f3c3, 0x1f3ff, 0x1f3c4, 0x1f3fb, 0x1f3c4, 0x1f3fc,
    0x1f3c4, 0x1f3fd, 0x1f3c4, 0x1f3fe, 0x1f3c4, 0x1f3ff, 0x1f3c7, 0x1f3fb, 0x1f3c7, 0x1f3fc, 0x1f3c7, 0x1f3fd,
    0x1f3c7, 0x1f3fe, 0x1f3c7, 0x1f3ff, 0x1f3ca, 0x1f3fb, 0x1f3ca, 0x1f3fc, 0x1f3ca, 0x1f3fd, 0x1f3ca, 0x1f3fe,
    0x1f3ca, 0x1f3ff, 0x1f3cb, 0x1f3fb, 0x1f3cb, 0x1f3fc, 0x1f3cb, 0x1f3fd, 0x1f3cb, 0x1f3fe, 0x1f3cb, 0x1f3ff,
    0x1f3cc, 0x1f3fb, 0x1f3cc, 0x1f3fc, 0x1f3cc, 0x1f3fd, 0x1f3cc, 0x1f3fe, 0x1f3cc, 0x1f3ff, 0x1f442, 0x1f3fb,
    0x1f442, 0x1f3fc, 0x1f442, 0x1f3fd, 0x1f442, 0x1f3fe, 0x1f442, 0x1f3ff, 0x1f443, 0x1f3fb, 0x1f443, 0x1f3fc,
    0x1f443, 0x1f3fd, 0x1f443, 0x1f3fe, 0x1f443, 0x1f3ff, 0x1f446, 0x1f3fb, 0x1f446, 0x1f3fc, 0x1f446, 0x1f3fd,
    0x1f446, 0x1f3fe, 0x1f446, 0x1f3ff, 0x1f447, 0x1f3fb, 0x1f447, 0x1f3fc, 0x1f447, 0x1f3fd, 0x1f447, 0x1f3fe,
    0x1f447, 0x1f3ff, 0x1f448, 0x1f3fb, 0x1f448, 0x1f3fc, 0x1f448, 0x1f3fd, 0x1f448, 0x1f3fe, 0x1f448, 0x1f3ff,
    0x1f449, 0x1f3fb, 0x1f449, 0x1f3fc, 0x1f449, 0x1f3fd, 0x1f449, 0x1f3fe, 0x1f449, 0x1f3ff, 0x1f44a, 0x1f3fb,
    0x1f44a, 0x1f3fc, 0x1f44a, 0x1f3fd, 0x1f44a, 0x1f3fe, 0x1f44a, 0x1f3ff, 0x1f44b, 0x1f3fb, 0x1f44b, 0x1f3fc,
    0x1f44b, 0x1f3fd, 0x1f44b, 0x1f3fe, 0x1f44b, 0x1f3ff, 0x1f44c, 0x1f3fb, 0x1f44c, 0x1f3fc, 0x1f44c, 0x1f3fd,
    0x1f44c, 0x1f3fe, 0x1f44c, 0x1f3ff, 0x1f44d, 0x1f3fb, 0x1f44d, 0x1f3fc, 0x1f44d, 0x1f3fd, 0x1f44d, 0x1f3fe,
    0x1f44d, 0x1f3ff, 0x1f44e, 0x1f3fb, 0x1f44e, 0x1f3fc, 0x1f44e, 0x1f3fd, 0x1f44e, 0x1f3fe, 0x1f44e, 0x1f3ff,
    0x1f44f, 0x1f3fb, 0x1f44f, 0x1f3fc, 0x1f44f, 0x1f3fd, 0x1f44f, 0x1f3fe, 0x1f44f, 0x1f3ff, 0x1f450, 0x1f3fb,
    0x1f450, 0x1f3fc, 0x1f450, 0x1f3fd, 0x1f450, 0x1f3fe, 0x1f450, 0x1f3ff, 0x1f466, 0x1f3fb, 0x1f466, 0x1f3fc,
    0x1f466, 0x1f3fd, 0x1f466, 0x1f3fe, 0x1f466, 0x1f3ff, 0x1f467, 0x1f3fb, 0x1f467, 0x1f3fc, 0x1f467, 0x1f3fd,
    0x1f467, 0x1f3fe, 0x1f467, 0x1f3ff, 0x1f468, 0x1f3fb, 0x1f468, 0x1f3fc, 0x1f468, 0x1f3fd, 0x1f468, 0x1f3fe,
    0x1f468, 0x1f3ff, 0x1f469, 0x1f3fb, 0x1f469, 0x1f3fc, 0x1f469, 0x1f3fd, 0x1f469, 0x1f3fe, 0x1f469, 0x1f3ff,
    0x1f46b, 0x1f3fb, 0x1f46b, 0x1f3fc, 0x1f46b, 0x1f3fd, 0x1f46b, 0x1f3fe, 0x1f46b, 0x1f3ff, 0x1f46c, 0x1f3fb,
    0x1f46c, 0x1f3fc, 0x1f46c, 0x1f3fd, 0x1f46c, 0x1f3fe, 0x1f46c, 0x1f3ff, 0x1f46d, 0x1f3fb, 0x1f46d, 0x1f3fc,
    0x1f46d, 0x1f3fd, 0x1f46d, 0x1f3fe, 0x1f46d, 0x1f3ff, 0x1f46e, 0x1f3fb, 0x1f46e, 0x1f3fc, 0x1f46e, 0x1f3fd,
    0x1f46e, 0x1f3fe, 0x1f46e, 0x1f3ff, 0x1f46f, 0x1f3fb, 0x1f46f, 0x1f3fc, 0x1f46f, 0x1f3fd, 0x1f46f, 0x1f3fe,
    0x1f46f, 0x1f3ff, 0x1f470, 0x1f3fb, 0x1f470, 0x1f3fc, 0x1f470, 0x1f3fd, 0x1f470, 0x1f3fe, 0x1f470, 0x1f3ff,
    0x1f471, 0x1f3fb, 0x1f471, 0x1f3fc, 0x1f471, 0x1f3fd, 0x1f471, 0x1f3fe, 0x1f471, 0x1f3ff, 0x1f472, 0x1f3fb,
    0x1f472, 0x1f3fc, 0x1f472, 0x1f3fd, 0x1f472, 0x1f3fe, 0x1f472, 0x1f3ff, 0x1f473, 0x1f3fb, 0x1f473, 0x1f3fc,
    0x1f473, 0x1f3fd, 0x1f473, 0x1f3fe, 0x1f473, 0x1f3ff, 0x1f474, 0x1f3fb, 0x1f474, 0x1f3fc, 0x1f474, 0x1f3fd,
    0x1f474, 0x1f3fe, 0x1f474, 0x1f3ff, 0x1f475, 0x1f3fb, 0x1f475, 0x1f3fc, 0x1f475, 0x1f3fd, 0x1f475, 0x1f3fe,
    0x1f475, 0x1f3ff, 0x1f476, 0x1f3fb, 0x1f476, 0x1f3fc, 0x1f476, 0x1f3fd, 0x1f476, 0x1f3fe, 0x1f476, 0x1f3ff,
    0x1f477, 0x1f3fb, 0x1f477, 0x1f3fc, 0x1f477, 0x1f3fd, 0x1f477, 0x1f3fe, 0x1f477, 0x1f3ff, 0x1f478, 0x1f3fb,
    0x1f478, 0x1f3fc, 0x1f478, 0x1f3fd, 0x1f478, 0x1f3fe, 0x1f478, 0x1f3ff, 0x1f47c, 0x1f3fb, 0x1f47c, 0x1f3fc,
    0x1f47c, 0x1f3fd, 0x1f47c, 0x1f3fe, 0x1f47c, 0x1f3ff, 0x1f481, 0x1f3fb, 0x1f481, 0x1f3fc, 0x1f481, 0x1f3fd,
    0x1f481, 0x1f3fe, 0x1f481, 0x1f3ff, 0x1f482, 0x1f3fb, 0x1f482, 0x1f3fc, 0x1f482, 0x1f3fd, 0x1f482, 0x1f3fe,
    0x1f482, 0x1f3ff, 0x1f483, 0x1f3fb, 0x1f483, 0x1f3fc, 0x1f483, 0x1f3fd, 0x1f483, 0x1f3fe, 0x1f483, 0x1f3ff,
    0x1f485, 0x1f3fb, 0x1f485, 0x1f3fc, 0x1f485, 0x1f3fd, 0x1f485, 0x1f3fe, 0x1f485, 0x1f3ff, 0x1f486, 0x1f3fb,
    0x1f486, 0x1f3fc, 0x1f486, 0x1f3fd, 0x1f486, 0x1f3fe, 0x1f486, 0x1f3ff, 0x1f487, 0x1f3fb, 0x1f487, 0x1f3fc,
    0x1f487, 0x1f3fd, 0x1f487, 0x1f3fe, 0x1f487, 0x1f3ff, 0x1f48f, 0x1f3fb, 0x1f48f, 0x1f3fc, 0x1f48f, 0x1f3fd,
    0x1f48f, 0x1f3fe, 0x1f48f, 0x1f3ff, 0x1f491, 0x1f3fb, 0x1f491, 0x1f3fc, 0x1f491, 0x1f3fd, 0x1f491, 0x1f3fe,
    0x1f491, 0x1f3ff, 0x1f4aa, 0x1f3fb, 0x1f4aa, 0x1f3fc, 0x1f4aa, 0x1f3fd, 0x1f4aa, 0x1f3fe, 0x1f4aa, 0x1f3ff,
    0x1f574, 0x1f3fb, 0x1f574, 0x1f3fc, 0x1f574, 0x1f3fd, 0x1f574, 0x1f3fe, 0x1f574, 0x1f3ff, 0x1f575, 0x1f3fb,
    0x1f575, 0x1f3fc, 0x1f575, 0x1f3fd, 0x1f575, 0x1f3fe, 0x1f575, 0x1f3ff, 0x1f57a, 0x1f3fb, 0x1f57a, 0x1f3fc,
    0x1f57a, 0x1f3fd, 0x1f57a, 0x1f3fe, 0x1f57a, 0x1f3ff, 0x1f590, 0x1f3fb, 0x1f590, 0x1f3fc, 0x1f590, 0x1f3fd,
    0x1f590, 0x1f3fe, 0x1f590, 0x1f3ff, 0x1f595, 0x1f3fb, 0x1f595, 0x1f3fc, 0x1f595, 0x1f3fd, 0x1f595, 0x1f3fe,
    0x1f595, 0x1f3ff, 0x1f596, 0x1f3fb, 0x1f596, 0x1f3fc, 0x1f596, 0x1f3fd, 0x1f596, 0x1f3fe, 0x1f596, 0x1f3ff,
    0x1f645, 0x1f3fb, 0x1f645, 0x1f3fc, 0x1f645, 0x1f3fd, 0x1f645, 0x1f3fe, 0x1f645, 0x1f3ff, 0x1f646, 0x1f3fb,
    0x1f646, 0x1f3fc, 0x1f646, 0x1f3fd, 0x1f646, 0x1f3fe, 0x1f646, 0x1f3ff, 0x1f647, 0x1f3fb, 0x1f647, 0x1f3fc,
    0x1f647, 0x1f3fd, 0x1f647, 0x1f3fe, 0x1f647, 0x1f3ff, 0x1f64b, 0x1f3fb, 0x1f64b, 0x1f3fc, 0x1f64b, 0x1f3fd,
    0x1f64b, 0x1f3fe, 0x1f64b, 0x1f3ff, 0x1f64c, 0x1f3fb, 0x1f64c, 0x1f3fc, 0x1f64c, 0x1f3fd, 0x1f64c, 0x1f3fe,
    0x1f64c, 0x1f3ff, 0x1f64d, 0x1f3fb, 0x1f64d, 0x1f3fc, 0x1f64d, 0x1f3fd, 0x1f64d, 0x1f3fe, 0x1f64d, 0x1f3ff,
    0x1f64e, 0x1f3fb, 0x1f64e, 0x1f3fc, 0x1f64e, 0x1f3fd, 0x1f64e, 0x1f3fe, 0x1f64e, 0x1f3ff, 0x1f64f, 0x1f3fb,
    0x1f64f, 0x1f3fc, 0x1f64f, 0x1f3fd, 0x1f64f, 0x1f3fe, 0x1f64f, 0x1f3ff, 0x1f6a3, 0x1f3fb, 0x1f6a3, 0x1f3fc,
    0x1f6a3, 0x1f3fd, 0x1f6a3, 0x1f3fe, 0x1f6a3, 0x1f3ff, 0x1f6b4, 0x1f3fb, 0x1f6b4, 0x1f3fc, 0x1f6b4, 0x1f3fd,
    0x1f6b4, 0x1f3fe, 0x1f6b4, 0x1f3ff, 0x1f6b5, 0x1f3fb, 0x1f6b5, 0x1f3fc, 0x1f6b5, 0x1f3fd, 0x1f6b5, 0x1f3fe,
    0x1f6b5, 0x1f3ff, 0x1f6b6, 0x1f3fb, 0x1f6b6, 0x1f3fc, 0x1f6b6, 0x1f3fd, 0x1f6b6, 0x1f3fe, 0x1f6b6, 0x1f3ff,
    0x1f6c0, 0x1f3fb, 0x1f6c0, 0x1f3fc, 0x1f6c0, 0x1f3fd, 0x1f6c0, 0x1f3fe, 0x1f6c0, 0x1f3ff, 0x1f6cc, 0x1f3fb,
    0x1f6cc, 0x1f3fc, 0x1f6cc, 0x1f3fd, 0x1f6cc, 0x1f3fe, 0x1f6cc, 0x1f3ff, 0x1f90c, 0x1f3fb, 0x1f90c, 0x1f3fc,
    0x1f90c, 0x1f3fd, 0x1f90c, 0x1f3fe, 0x1f90c, 0x1f3ff, 0x1f90f, 0x1f3fb, 0x1f90f, 0x1f3fc, 0x1f90f, 0x1f3fd,
    0x1f90f, 0x1f3fe, 0x1f90f, 0x1f3ff, 0x1f918, 0x1f3fb, 0x1f918, 0x1f3fc, 0x1f918, 0x1f3fd, 0x1f918, 0x1f3fe,
    0x1f918, 0x1f3ff, 0x1f919, 0x1f3fb, 0x1f919, 0x1f3fc, 0x1f919, 0x1f3fd, 0x1f919, 0x1f3fe, 0x1f919, 0x1f3ff,
    0x1f91a, 0x1f3fb, 0x1f91a, 0x1f3fc, 0x1f91a, 0x1f3fd, 0x1f91a, 0x1f3fe, 0x1f91a, 0x1f3ff, 0x1f91b, 0x1f3fb,
    0x1f91b, 0x1f3fc, 0x1f91b, 0x1f3fd, 0x1f91b, 0x1f3fe, 0x1f91b, 0x1f3ff, 0x1f91c, 0x1f3fb, 0x1f91c, 0x1f3fc,
    0x1f91c, 0x1f3fd, 0x1f91c, 0x1f3fe, 0x1f91c, 0x1f3ff, 0x1f91d, 0x1f3fb, 0x1f91d, 0x1f3fc, 0x1f91d, 0x1f3fd,
    0x1f91d, 0x1f3fe, 0x1f91d, 0x1f3ff, 0x1f91e, 0x1f3fb, 0x1f91e, 0x1f3fc, 0x1f91e, 0x1f3fd, 0x1f91e, 0x1f3fe,
    0x1f91e, 0x1f3ff, 0x1f91f, 0x1f3fb, 0x1f91f, 0x1f3fc, 0x1f91f, 0x1f3fd, 0x1f91f, 0x1f3fe, 0x1f91f, 0x1f3ff,
    0x1f926, 0x1f3fb, 0x1f926, 0x1f3fc, 0x1f926, 0x1f3fd, 0x1f926, 0x1f3fe, 0x1f926, 0x1f3ff, 0x1f930, 0x1f3fb,
    0x1f930, 0x1f3fc, 0x1f930, 0x1f3fd, 0x1f930, 0x1f3fe, 0x1f930, 0x1f3ff, 0x1f931, 0x1f3fb, 0x1f931, 0x1f3fc,
    0x1f931, 0x1f3fd, 0x1f931, 0x1f3fe, 0x1f931, 0x1f3ff, 0x1f932, 0x1f3fb, 0x1f932, 0x1f3fc, 0x1f932, 0x1f3fd,
    0x1f932, 0x1f3fe, 0x1f932, 0x1f3ff, 0x1f933, 0x1f3fb, 0x1f933, 0x1f3fc, 0x1f933, 0x1f3fd, 0x1f933, 0x1f3fe,
    0x1f933, 0x1f3ff, 0x1f934, 0x1f3fb, 0x1f934, 0x1f3fc, 0x1f934, 0x1f3fd, 0x1f934, 0x1f3fe, 0x1f934, 0x1f3ff,
    0x1f935, 0x1f3fb, 0x1f935, 0x1f3fc, 0x1f935, 0x1f3fd, 0x1f935, 0x1f3fe, 0x1f935, 0x1f3ff, 0x1f936, 0x1f3fb,
    0x1f936, 0x1f3fc, 0x1f936, 0x1f3fd, 0x1f936, 0x1f3fe, 0x1f936, 0x1f3ff, 0x1f937, 0x1f3fb, 0x1f937, 0x1f3fc,
    0x1f937, 0x1f3fd, 0x1f937, 0x1f3fe, 0x1f937, 0x1f3ff, 0x1f938, 0x1f3fb, 0x1f938, 0x1f3fc, 0x1f938, 0x1f3fd,
    0x1f938, 0x1f3fe, 0x1f938, 0x1f3ff, 0x1f939, 0x1f3fb, 0x1f939, 0x1f3fc, 0x1f939, 0x1f3fd, 0x1f939, 0x1f3fe,
    0x1f939, 0x1f3ff, 0x1f93c, 0x1f3fb, 0x1f93c, 0x1f3fc, 0x1f93c, 0x1f3fd, 0x1f93c, 0x1f3fe, 0x1f93c, 0x1f3ff,
    0x1f93d, 0x1f3fb, 0x1f93d, 0x1f3fc, 0x1f93d, 0x1f3fd, 0x1f93d, 0x1f3fe, 0x1f93d, 0x1f3ff, 0x1f93e, 0x1f3fb,
    0x1f93e, 0x1f3fc, 0x1f93e, 0x1f3fd, 0x1f93e, 0x1f3fe, 0x1f93e, 0x1f3ff, 0x1f977, 0x1f3fb, 0x1f977, 0x1f3fc,
    0x1f977, 0x1f3fd, 0x1f977, 0x1f3fe, 0x1f977, 0x1f3ff, 0x1f9b5, 0x1f3fb, 0x1f9b5, 0x1f3fc, 0x1f9b5, 0x1f3fd,
    0x1f9b5, 0x1f3fe, 0x1f9b5, 0x1f3ff, 0x1f9b6, 0x1f3fb, 0x1f9b6, 0x1f3fc, 0x1f9b6, 0x1f3fd, 0x1f9b6, 0x1f3fe,
    0x1f9b6, 0x1f3ff, 0x1f9b8, 0x1f3fb, 0x1f9b8, 0x1f3fc, 0x1f9b8, 0x1f3fd, 0x1f9b8, 0x1f3fe, 0x1f9b8, 0x1f3ff,
    0x1f9b9, 0x1f3fb, 0x1f9b9, 0x1f3fc, 0x1f9b9, 0x1f3fd, 0x1f9b9, 0x1f3fe, 0x1f9b9, 0x1f3ff, 0x1f9bb, 0x1f3fb,
    0x1f9bb, 0x1f3fc, 0x1f9bb, 0x1f3fd, 0x1f9bb, 0x1f3fe, 0x1f9bb, 0x1f3ff, 0x1f9cd, 0x1f3fb, 0x1f9cd, 0x1f3fc,
    0x1f9cd, 0x1f3fd, 0x1f9cd, 0x1f3fe, 0x1f9cd, 0x1f3ff, 0x1f9ce, 0x1f3fb, 0x1f9ce, 0x1f3fc, 0x1f9ce, 0x1f3fd,
    0x1f9ce, 0x1f3fe, 0x1f9ce, 0x1f3ff, 0x1f9cf, 0x1f3fb, 0x1f9cf, 0x1f3fc, 0x1f9cf, 0x1f3fd, 0x1f9cf, 0x1f3fe,
    0x1f9cf, 0x1f3ff, 0x1f9d1, 0x1f3fb, 0x1f9d1, 0x1f3fc, 0x1f9d1, 0x1f3fd, 0x1f9d1, 0x1f3fe, 0x1f9d1, 0x1f3ff,
    0x1f9d2, 0x1f3fb, 0x1f9d2, 0x1f3fc, 0x1f9d2, 0x1f3fd, 0x1f9d2, 0x1f3fe, 0x1f9d2, 0x1f3ff, 0x1f9d3, 0x1f3fb,
    0x1f9d3, 0x1f3fc, 0x1f9d3, 0x1f3fd, 0x1f9d3, 0x1f3fe, 0x1f9d3, 0x1f3ff, 0x1f9d4, 0x1f3fb, 0x1f9d4, 0x1f3fc,
    0x1f9d4, 0x1f3fd, 0x1f9d4, 0x1f3fe, 0x1f9d4, 0x1f3ff, 0x1f9d5, 0x1f3fb, 0x1f9d5, 0x1f3fc, 0x1f9d5, 0x1f3fd,
    0x1f9d5, 0x1f3fe, 0x1f9d5, 0x1f3ff, 0x1f9d6, 0x1f3fb, 0x1f9d6, 0x1f3fc, 0x1f9d6, 0x1f3fd, 0x1f9d6, 0x1f3fe,
    0x1f9d6, 0x1f3ff, 0x1f9d7, 0x1f3fb, 0x1f9d7, 0x1f3fc, 0x1f9d7, 0x1f3fd, 0x1f9d7, 0x1f3fe, 0x1f9d7, 0x1f3ff,
    0x1f9d8, 0x1f3fb, 0x1f9d8, 0x1f3fc, 0x1f9d8, 0x1f3fd, 0x1f9d8, 0x1f3fe, 0x1f9d8, 0x1f3ff, 0x1f9d9, 0x1f3fb,
    0x1f9d9, 0x1f3fc, 0x1f9d9, 0x1f3fd, 0x1f9d9, 0x1f3fe, 0x1f9d9, 0x1f3ff, 0x1f9da, 0x1f3fb, 0x1f9da, 0x1f3fc,
    0x1f9da, 0x1f3fd, 0x1f9da, 0x1f3fe, 0x1f9da, 0x1f3ff, 0x1f9db, 0x1f3fb, 0x1f9db, 0x1f3fc, 0x1f9db, 0x1f3fd,
    0x1f9db, 0x1f3fe, 0x1f9db, 0x1f3ff, 0x1f9dc, 0x1f3fb, 0x1f9dc, 0x1f3fc, 0x1f9dc, 0x1f3fd, 0x1f9dc, 0x1f3fe,
    0x1f9dc, 0x1f3ff, 0x1f9dd, 0x1f3fb, 0x1f9dd, 0x1f3fc, 0x1f9dd, 0x1f3fd, 0x1f9dd, 0x1f3fe, 0x1f9dd, 0x1f3ff,
    0x1fac3, 0x1f3fb, 0x1fac3, 0x1f3fc, 0x1fac3, 0x1f3fd, 0x1fac3, 0x1f3fe, 0x1fac3, 0x1f3ff, 0x1fac4, 0x1f3fb,
    0x1fac4, 0x1f3fc, 0x1fac4, 0x1f3fd, 0x1fac4, 0x1f3fe, 0x1fac4, 0x1f3ff, 0x1fac5, 0x1f3fb, 0x1fac5, 0x1f3fc,
    0x1fac5, 0x1f3fd, 0x1fac5, 0x1f3fe, 0x1fac5, 0x1f3ff, 0x1faf0, 0x1f3fb, 0x1faf0, 0x1f3fc, 0x1faf0, 0x1f3fd,
    0x1faf0, 0x1f3fe, 0x1faf0, 0x1f3ff, 0x1faf1, 0x1f3fb, 0x1faf1, 0x1f3fc, 0x1faf1, 0x1f3fd, 0x1faf1, 0x1f3fe,
    0x1faf1, 0x1f3ff, 0x1faf2, 0x1f3fb, 0x1faf2, 0x1f3fc, 0x1faf2, 0x1f3fd, 0x1faf2, 0x1f3fe, 0x1faf2, 0x1f3ff,
    0x1faf3, 0x1f3fb, 0x1faf3, 0x1f3fc, 0x1faf3, 0x1f3fd, 0x1faf3, 0x1f3fe, 0x1faf3, 0x1f3ff, 0x1faf4, 0x1f3fb,
    0x1faf4, 0x1f3fc, 0x1faf4, 0x1f3fd, 0x1faf4, 0x1f3fe, 0x1faf4, 0x1f3ff, 0x1faf5, 0x1f3fb, 0x1faf5, 0x1f3fc,
    0x1faf5, 0x1f3fd, 0x1faf5, 0x1f3fe, 0x1faf5, 0x1f3ff, 0x1faf6, 0x1f3fb, 0x1faf6, 0x1f3fc, 0x1faf6, 0x1f3fd,
    0x1faf6, 0x1f3fe, 0x1faf6, 0x1f3ff, 0x1faf7, 0x1f3fb, 0x1faf7, 0x1f3fc, 0x1faf7, 0x1f3fd, 0x1faf7, 0x1f3fe,
    0x1faf7, 0x1f3ff, 0x1faf8, 0x1f3fb, 0x1faf8, 0x1f3fc, 0x1faf8, 0x1f3fd, 0x1faf8, 0x1f3fe, 0x1faf8, 0x1f3ff,
];
